종목코드,탭코드,종목명,현재가,등락구분,전일비,등락률,순자산가치(NAV),3개월수익률,거래량,거래대금(백만),시가총액(억),유형,브랜드,인버스,레버리지,환헤지H
069500,1,KODEX 200,35820,5,-65,-0.18,35945.0,-9.4728,4131468,148087,50703,국내 시장지수,KODEX,False,False,False
371460,4,TIGER 차이나전기차SOLACTIVE,14375,5,-375,-2.54,14242.0,-24.6873,4822575,69401,30849,해외 주식,TIGER,False,False,False
122630,3,KODEX 레버리지,19095,5,-55,-0.29,19171.0,-19.4194,17264226,329575,21043,국내 파생,KODEX,False,True,False
102110,1,TIGER 200,35850,5,-75,-0.21,35957.0,-9.3856,5431458,194743,20022,국내 시장지수,TIGER,False,False,False
252670,3,KODEX 200선물인버스2X,2605,2,10,0.39,2607.0,19.3103,136940456,356883,19793,국내 파생,KODEX,True,False,False
133690,4,TIGER 미국나스닥100,74180,5,-815,-1.09,73973.0,-12.2229,174701,12933,19576,해외 주식,TIGER,False,False,False
278540,1,KODEX MSCI Korea TR,11425,5,-30,-0.26,11451.0,-10.3678,420027,4789,16669,국내 시장지수,KODEX,False,False,False
153130,6,KODEX 단기채권,103320,3,0,0.0,103315.0,0.2668,18297,1890,15686,채권,KODEX,False,False,False
102780,2,KODEX 삼성그룹,8705,2,25,0.29,8734.0,-12.6761,274536,2374,14912,국내 업종/테마,KODEX,False,False,False
360750,4,TIGER 미국S&P500,13260,2,25,0.19,13143.0,-4.323,917042,12079,14075,해외 주식,TIGER,False,False,False
273130,6,KODEX 종합채권(AA-이상)액티브,106305,5,-25,-0.02,106261.0,-1.9729,1987,211,13973,채권,KODEX,False,False,False
157450,6,TIGER 단기통안채,100700,2,10,0.01,100697.0,0.2289,784040,78948,13770,채권,TIGER,False,False,False
381170,4,TIGER 미국테크TOP10 INDXX,11195,5,-100,-0.89,11118.0,-13.1154,670764,7459,12667,해외 주식,TIGER,False,False,False
310970,1,TIGER MSCI Korea TR,14370,5,-20,-0.14,14380.0,-10.5656,1207,17,12588,국내 시장지수,TIGER,False,False,False
381180,4,TIGER 미국필라델피아반도체나스닥,10600,5,-85,-0.8,10511.0,-13.8098,797601,8394,11406,해외 주식,TIGER,False,False,False
305720,2,KODEX 2차전지산업,16660,5,-740,-4.25,16696.0,-23.8012,2296546,38167,10929,국내 업종/테마,KODEX,False,False,False
305540,2,TIGER 2차전지테마,17155,5,-670,-3.76,17117.0,-23.5963,1768049,30183,10567,국내 업종/테마,TIGER,False,False,False
292150,2,TIGER TOP10,11785,2,20,0.17,11777.0,-14.1241,281590,3303,10424,국내 업종/테마,TIGER,False,False,False
214980,6,KODEX 단기채권PLUS,103730,2,5,0.0,103734.0,0.3774,2407,249,10356,채권,KODEX,False,False,False
148020,1,KBSTAR 200,36035,5,-85,-0.24,36143.0,-9.123,69446,2499,9495,국내 시장지수,KBSTAR,False,False,False
114800,3,KODEX 인버스,4420,2,10,0.23,4419.0,9.7014,27272997,120490,9335,국내 파생,KODEX,True,False,False
233740,3,KODEX 코스닥150 레버리지,10750,5,-575,-5.08,10915.0,-28.7288,12175769,133486,9116,국내 파생,KODEX,False,True,False
278530,1,KODEX 200TR,11780,5,-20,-0.17,11804.0,-9.5439,97538,1147,8959,국내 시장지수,KODEX,False,False,False
139260,2,TIGER 200 IT,32030,5,-55,-0.17,32017.0,-12.575,134472,4273,8257,국내 업종/테마,TIGER,False,False,False
293180,1,HANARO 200,35885,5,-50,-0.14,35995.0,-9.5543,100339,3603,6908,국내 시장지수,HANARO,False,False,False
394670,4,TIGER 글로벌리튬&2차전지SOLACTIVE(합성),9585,5,-225,-2.29,9558.0,-18.5893,166498,1600,6525,해외 주식,TIGER,False,False,False
091180,2,KODEX 자동차,17250,5,-345,-1.96,17288.0,-16.0745,400478,6906,6365,국내 업종/테마,KODEX,False,False,False
105190,1,KINDEX 200,36130,5,-75,-0.21,36213.0,-9.5215,200466,7228,5889,국내 시장지수,KINDEX,False,False,False
152100,1,ARIRANG 200,36600,5,-60,-0.16,36704.0,-9.336,6673,243,5856,국내 시장지수,ARIRANG,False,False,False
315930,2,KODEX Top5PlusTR,17530,5,-55,-0.31,17540.0,-7.0069,16922,295,5610,국내 업종/테마,KODEX,False,False,False
229200,1,KODEX 코스닥 150,12310,5,-290,-2.3,12443.0,-15.0371,3314539,41024,5558,국내 시장지수,KODEX,False,False,False
196230,6,KBSTAR 단기통안채,105040,2,5,0.0,105033.0,0.296,68262,7169,5485,채권,KBSTAR,False,False,False
360200,4,KINDEX 미국S&P500,13360,2,30,0.23,13243.0,-4.465,168361,2235,5317,해외 주식,KINDEX,False,False,False
190620,6,KINDEX 단기통안채,100330,2,10,0.01,100323.0,0.2698,708,71,4566,채권,KINDEX,False,False,False
294400,1,KOSEF 200TR,42745,5,-140,-0.33,42899.0,-9.6017,8766,374,4424,국내 시장지수,KOSEF,False,False,False
401470,2,KODEX K-메타버스액티브,10580,5,-260,-2.4,10604.0,-15.5106,1131304,12099,4380,국내 업종/테마,KODEX,False,False,False
400970,2,TIGER Fn메타버스,10715,5,-150,-1.38,10731.0,-13.4263,1327739,14293,4275,국내 업종/테마,TIGER,False,False,False
069660,1,KOSEF 200,35860,5,-75,-0.21,35943.0,-9.5975,5989,214,4052,국내 시장지수,KOSEF,False,False,False
314250,4,KODEX 미국FANG플러스(H),22455,5,-840,-3.61,22380.0,-21.8813,149219,3341,4031,해외 주식,KODEX,False,False,True
251340,3,KODEX 코스닥150선물인버스,4755,2,125,2.7,4768.0,12.1065,31168038,146826,3975,국내 파생,KODEX,True,False,False
385540,6,KBSTAR KIS종합채권(A-이상)액티브,98010,5,-150,-0.15,97964.0,-1.8548,11,1,3971,채권,KBSTAR,False,False,False
364980,2,TIGER KRX2차전지K-뉴딜,12315,5,-265,-2.11,12302.0,-26.903,901776,11065,3811,국내 업종/테마,TIGER,False,False,False
226490,1,KODEX 코스피,27100,5,-120,-0.44,27135.0,-10.2835,37395,1013,3686,국내 시장지수,KODEX,False,False,False
367380,4,KINDEX 미국나스닥100,12780,5,-105,-0.81,12703.0,-12.1018,144216,1836,3668,해외 주식,KINDEX,False,False,False
251350,4,KODEX 선진국MSCI World,20250,2,25,0.12,20056.0,-4.3283,56811,1146,3645,해외 주식,KODEX,False,False,False
379800,4,KODEX 미국S&P500TR,11660,2,40,0.34,11553.0,-4.4801,390769,4526,3521,해외 주식,KODEX,False,False,False
379810,4,KODEX 미국나스닥100TR,10960,5,-70,-0.63,10880.0,-12.1466,207751,2262,3124,해외 주식,KODEX,False,False,False
295040,1,SOL 200TR,12245,5,-35,-0.29,12287.0,-9.6395,171667,2101,2976,국내 시장지수,SOL,False,False,False
272580,6,TIGER 단기채권액티브,50410,3,0,0.0,50408.0,0.3483,2165388,109154,2971,채권,TIGER,False,False,False
414780,4,TIGER 차이나과창판STAR50(합성),8955,5,-145,-1.59,8947.0,,153432,1366,2928,해외 주식,TIGER,False,False,False
367770,2,KBSTAR Fn수소경제테마,10045,5,-75,-0.74,10043.0,-11.9235,131140,1314,2923,국내 업종/테마,KBSTAR,False,False,False
290130,2,KBSTAR ESG사회책임투자,12025,5,-80,-0.66,12036.0,-7.4542,11957,143,2898,국내 업종/테마,KBSTAR,False,False,False
332940,1,HANARO MSCI Korea TR,14325,5,-35,-0.24,14369.0,-10.3621,50,0,2879,국내 시장지수,HANARO,False,False,False
364960,2,TIGER KRX BBIG K-뉴딜,8905,5,-55,-0.61,8896.0,-25.7049,348818,3107,2747,국내 업종/테마,TIGER,False,False,False
385550,6,KBSTAR KIS단기종합채권(AA-이상)액티브,100680,5,-15,-0.01,100691.0,0.4689,538746,54247,2736,채권,KBSTAR,False,False,False
371160,4,TIGER 차이나항셍테크,5380,5,-365,-6.35,5289.0,-27.3705,2485019,13498,2720,해외 주식,TIGER,False,False,False
143850,4,TIGER 미국S&P500선물(H),49770,5,-275,-0.55,49708.0,-8.485,22181,1101,2712,해외 주식,TIGER,False,False,True
357870,7,TIGER CD금리투자KIS(합성),50685,3,0,0.0,50687.0,0.2968,182,9,2465,기타,TIGER,False,False,False
329750,6,TIGER 미국달러단기채권액티브,10600,2,80,0.76,10597.0,4.1584,93114,984,2377,채권,TIGER,False,False,False
091170,2,KODEX 은행,7665,2,50,0.66,7677.0,1.5333,1096702,8389,2357,국내 업종/테마,KODEX,False,False,False
148070,6,KOSEF 국고채10년,115505,5,-275,-0.24,115489.0,-3.4282,6992,807,2322,채권,KOSEF,False,False,False
132030,5,KODEX 골드선물(H),13350,5,-90,-0.67,13371.0,12.3276,224015,2989,2310,원자재,KODEX,False,False,True
091160,2,KODEX 반도체,33875,5,-830,-2.39,33911.0,-5.974,143650,4878,2304,국내 업종/테마,KODEX,False,False,False
394660,4,TIGER 글로벌자율주행&전기차SOLACTIVE,9970,5,-115,-1.14,9939.0,-12.6084,69347,690,2261,해외 주식,TIGER,False,False,False
390950,6,HANARO 단기채권액티브,100525,3,0,0.0,100528.0,0.2343,181,18,2225,채권,HANARO,False,False,False
401170,2,KBSTAR iSelect메타버스,9940,5,-145,-1.44,9940.0,-16.3418,113208,1131,2199,국내 업종/테마,KBSTAR,False,False,False
407310,1,HANARO 200 TOP10,8295,2,35,0.42,8325.0,-17.1099,196,1,2190,국내 시장지수,HANARO,False,False,False
332500,1,KINDEX 200TR,21945,5,-85,-0.39,22032.0,-9.5463,11875,260,2151,국내 시장지수,KINDEX,False,False,False
228800,2,TIGER 여행레저,4955,5,-90,-1.78,4927.0,3.4871,2524011,12558,2132,국내 업종/테마,TIGER,False,False,False
245710,4,KINDEX 베트남VN30(합성),22900,5,-430,-1.84,23179.0,1.811,29040,669,2130,해외 주식,KINDEX,False,False,False
415340,4,KODEX 차이나과창판STAR50(합성),8975,5,-40,-0.44,9089.0,,22837,204,2109,해외 주식,KODEX,False,False,False
275980,4,TIGER 글로벌4차산업혁신기술(합성 H),16085,5,-210,-1.29,16016.0,-15.8534,11972,192,2075,해외 주식,TIGER,False,False,True
161510,2,ARIRANG 고배당주,12645,2,65,0.52,12657.0,0.7609,55354,699,1999,국내 업종/테마,ARIRANG,False,False,False
168580,4,KINDEX 중국본토CSI300,29015,5,-550,-1.86,28821.0,-10.8683,3129,90,1944,해외 주식,KINDEX,False,False,False
412770,4,TIGER 글로벌메타버스액티브,7940,5,-120,-1.49,7868.0,,270778,2144,1929,해외 주식,TIGER,False,False,False
182480,7,TIGER 미국MSCI리츠(합성 H),15210,5,-75,-0.49,15172.0,-3.4246,30322,461,1924,기타,TIGER,False,False,True
368590,4,KBSTAR 미국나스닥100,12400,5,-100,-0.8,12330.0,-12.1266,124344,1532,1872,해외 주식,KBSTAR,False,False,False
325020,2,KODEX 배당가치,12725,5,-15,-0.12,12720.0,-2.8223,1162,14,1820,국내 업종/테마,KODEX,False,False,False
192090,4,TIGER 차이나CSI300,10675,5,-185,-1.7,10652.0,-11.9793,54375,583,1809,해외 주식,TIGER,False,False,False
302450,1,KBSTAR 코스피,27250,5,-150,-0.55,27237.0,-9.5859,482,13,1730,국내 시장지수,KBSTAR,False,False,False
326240,2,KBSTAR IT플러스,18900,5,-70,-0.37,18902.0,-15.7451,6218,117,1727,국내 업종/테마,KBSTAR,False,False,False
272560,6,KBSTAR 단기국공채액티브,102635,2,20,0.02,102632.0,0.3079,652,66,1635,채권,KBSTAR,False,False,False
329200,2,TIGER 부동산인프라고배당,6130,5,-20,-0.33,6128.0,3.5353,251221,1541,1548,국내 업종/테마,TIGER,False,False,False
261220,5,KODEX WTI원유선물(H),16980,5,-35,-0.21,17015.0,54.2611,411685,6994,1524,원자재,KODEX,False,False,True
143860,2,TIGER 헬스케어,31600,5,-45,-0.14,31803.0,-15.7482,71274,2273,1523,국내 업종/테마,TIGER,False,False,False
385560,6,KBSTAR KIS국고채30년Enhanced,89100,5,-500,-0.56,88830.0,-10.0826,19,1,1443,채권,KBSTAR,False,False,False
329650,7,KODEX TRF3070,11150,5,-20,-0.18,11106.0,-3.2482,44137,491,1416,기타,KODEX,False,False,False
228810,2,TIGER 미디어컨텐츠,9120,5,-165,-1.78,9115.0,-4.1301,842010,7739,1384,국내 업종/테마,TIGER,False,False,False
219480,4,KODEX 미국S&P500선물(H),20485,5,-130,-0.63,20471.0,-8.4998,23814,486,1352,해외 주식,KODEX,False,False,True
379780,4,KBSTAR 미국S&P500,11550,2,25,0.22,11449.0,-4.5549,80792,927,1340,해외 주식,KBSTAR,False,False,False
114260,6,KODEX 국고채3년,57360,2,55,0.1,57325.0,-0.5899,604,34,1339,채권,KODEX,False,False,False
138540,2,TIGER 현대차그룹+펀더멘털,21470,5,-295,-1.36,21514.0,-10.7077,31230,670,1305,국내 업종/테마,TIGER,False,False,False
232080,1,TIGER 코스닥150,12500,5,-360,-2.8,12676.0,-14.8063,92279,1157,1305,국내 시장지수,TIGER,False,False,False
270810,1,KBSTAR 코스닥150,12285,5,-360,-2.85,12436.0,-14.7049,8706,107,1305,국내 시장지수,KBSTAR,False,False,False
091230,2,TIGER 반도체,34840,5,-805,-2.26,34827.0,-6.4313,23400,815,1289,국내 업종/테마,TIGER,False,False,False
411420,4,KODEX 미국메타버스나스닥액티브,7785,5,-75,-0.95,7741.0,,132862,1026,1285,해외 주식,KODEX,False,False,False
332930,1,HANARO 200TR,42775,5,-95,-0.22,42949.0,-9.6523,173,7,1283,국내 시장지수,HANARO,False,False,False
150460,2,TIGER 중국소비테마,7500,5,-300,-3.85,7509.0,-0.8895,6463,48,1258,국내 업종/테마,TIGER,False,False,False
395750,2,ARIRANG ESG가치주액티브,8720,5,-15,-0.17,8714.0,-8.0043,325,2,1177,국내 업종/테마,ARIRANG,False,False,False
278240,3,KBSTAR 코스닥150선물레버리지,11525,5,-650,-5.34,11508.0,-26.4129,29757,351,1164,국내 파생,KBSTAR,False,True,False
273140,6,KODEX 단기변동금리부채권액티브,103255,2,5,0.0,103256.0,0.4035,549,56,1144,채권,KODEX,False,False,False
309230,4,KINDEX 미국WideMoat가치주,17710,2,35,0.2,17617.0,-0.6465,14995,265,1133,해외 주식,KINDEX,False,False,False
372330,4,KODEX 차이나항셍테크,5400,5,-370,-6.41,5305.0,-27.1925,542762,2959,1131,해외 주식,KODEX,False,False,False
252710,3,TIGER 200선물인버스2X,2720,2,10,0.37,2720.0,19.6467,4818427,13084,1107,국내 파생,TIGER,True,False,False
271050,5,KODEX WTI원유선물인버스(H),4845,2,10,0.21,4823.0,-38.2898,1748825,8453,1100,원자재,KODEX,True,False,True
139220,2,TIGER 200 건설,3150,2,10,0.32,3152.0,1.7828,1493446,4724,1096,국내 업종/테마,TIGER,False,False,False
367760,2,KBSTAR Fn5G테크,9320,5,-195,-2.05,9340.0,-11.7347,63296,590,1044,국내 업종/테마,KBSTAR,False,False,False
363510,6,SOL KIS단기통안채,100790,2,5,0.0,100791.0,0.2436,11,1,1025,채권,SOL,False,False,False
363570,6,KODEX 장기종합채권(AA-이상)액티브KAP,91600,5,-285,-0.31,92086.0,-4.1667,11,1,1019,채권,KODEX,False,False,False
328370,1,ARIRANG 코스피TR,13630,5,-75,-0.55,13621.0,-9.6573,75,1,1015,국내 시장지수,ARIRANG,False,False,False
322400,2,HANARO e커머스,16500,5,-50,-0.3,16500.0,-8.3103,6735,111,982,국내 업종/테마,HANARO,False,False,False
130730,6,KOSEF 단기자금,101175,2,5,0.0,101179.0,0.3471,5136,519,977,채권,KOSEF,False,False,False
144600,5,KODEX 은선물(H),5270,5,-50,-0.94,5291.0,19.0156,385866,2038,959,원자재,KODEX,False,False,True
277630,1,TIGER 코스피,27360,5,-190,-0.69,27418.0,-9.8643,63545,1735,958,국내 시장지수,TIGER,False,False,False
267770,3,TIGER 200선물레버리지,14415,5,-60,-0.41,14431.0,-18.9757,79795,1151,951,국내 파생,TIGER,False,True,False
261240,7,KODEX 미국달러선물,10975,2,90,0.83,10979.0,4.4124,178098,1951,934,기타,KODEX,False,False,False
283580,4,KODEX 차이나CSI300,13155,5,-210,-1.57,13040.0,-11.0187,13364,177,921,해외 주식,KODEX,False,False,False
282000,3,KBSTAR 국고채3년선물인버스,101490,2,20,0.02,101491.0,0.7646,8,0,904,국내 파생,KBSTAR,True,False,False
245340,4,TIGER 미국다우존스30,20680,2,115,0.56,20561.0,-2.6832,13398,275,898,해외 주식,TIGER,False,False,False
409820,4,KODEX 미국나스닥100레버리지(합성 H),6540,5,-205,-3.04,6450.0,-31.068,1583967,10283,889,해외 주식,KODEX,False,True,True
204480,4,TIGER 차이나CSI300레버리지(합성),26340,5,-955,-3.5,25897.0,-20.3996,61005,1614,885,해외 주식,TIGER,False,True,False
304940,4,KODEX 미국나스닥100선물(H),17000,5,-255,-1.48,16888.0,-15.8704,26085,442,867,해외 주식,KODEX,False,False,True
305080,6,TIGER 미국채10년선물,12150,3,0,0.0,12168.0,1.0395,33085,400,863,채권,TIGER,False,False,False
400570,4,KODEX 유럽탄소배출권선물ICE(H),12110,2,260,2.19,12211.0,-8.776,243537,2953,853,해외 주식,KODEX,False,False,True
325010,2,KODEX Fn성장,15150,5,-125,-0.82,15136.0,-13.8709,361,5,848,국내 업종/테마,KODEX,False,False,False
217770,5,TIGER 원유선물인버스(H),3380,3,0,0.0,3378.0,-38.1519,1082678,3652,842,원자재,TIGER,True,False,True
364970,2,TIGER KRX바이오K-뉴딜,7190,2,120,1.7,7219.0,-20.651,1240456,8965,841,국내 업종/테마,TIGER,False,False,False
157490,2,TIGER 소프트웨어,13855,5,-80,-0.57,13902.0,-20.8014,503125,7003,820,국내 업종/테마,TIGER,False,False,False
117700,2,KODEX 건설,3510,3,0,0.0,3511.0,1.1527,912904,3214,814,국내 업종/테마,KODEX,False,False,False
363580,2,KODEX 200IT TR,12070,5,-20,-0.17,12061.0,-12.7391,1389,16,809,국내 업종/테마,KODEX,False,False,False
139280,2,TIGER 경기방어,10045,5,-15,-0.15,10058.0,-7.3239,4370,43,806,국내 업종/테마,TIGER,False,False,False
225040,4,TIGER 미국S&P500레버리지(합성 H),29405,5,-465,-1.56,29069.0,-18.4994,12096,354,776,해외 주식,TIGER,False,True,True
195930,4,TIGER 유로스탁스50(합성 H),12740,2,270,2.17,12597.0,-12.7057,146882,1860,764,해외 주식,TIGER,False,False,True
298770,4,KODEX 한국대만IT프리미어,19240,5,-165,-0.85,19304.0,-5.8696,2731,52,750,해외 주식,KODEX,False,False,False
266160,2,KBSTAR 고배당,12525,2,80,0.64,12524.0,-0.2005,4991,62,714,국내 업종/테마,KBSTAR,False,False,False
195980,4,ARIRANG 신흥국MSCI(합성 H),10155,5,-245,-2.36,10083.0,-12.6051,47716,486,703,해외 주식,ARIRANG,False,False,True
139230,2,TIGER 200 중공업,3270,5,-5,-0.15,3269.0,1.8662,994048,3244,702,국내 업종/테마,TIGER,False,False,False
174360,4,KBSTAR 중국본토대형주CSI100,19565,5,-555,-2.76,19405.0,-9.3898,1645,32,685,해외 주식,KBSTAR,False,False,False
385510,2,KODEX K-신재생에너지액티브,10110,5,-350,-3.35,10110.0,-12.027,46453,472,677,국내 업종/테마,KODEX,False,False,False
302190,6,TIGER 중장기국채,50170,5,-100,-0.2,50185.0,-2.0956,76,3,662,채권,TIGER,False,False,False
245360,4,TIGER 차이나HSCEI,8635,5,-435,-4.8,8553.0,-14.5871,109813,956,656,해외 주식,TIGER,False,False,False
396510,4,TIGER 차이나클린에너지SOLACTIVE,10365,5,-165,-1.57,10292.0,-1.3121,11476,119,651,해외 주식,TIGER,False,False,False
114820,6,TIGER 국채3년,108430,5,-50,-0.05,108504.0,-0.5847,2258,244,651,채권,TIGER,False,False,False
385520,2,KODEX K-미래차액티브,9585,5,-240,-2.44,9599.0,-10.6819,68356,655,633,국내 업종/테마,KODEX,False,False,False
391600,4,KINDEX 미국친환경그린테마INDXX,9850,5,-60,-0.61,9807.0,-4.8031,7292,71,630,해외 주식,KINDEX,False,False,False
385720,1,TIMEFOLIO Kstock액티브,9370,5,-50,-0.53,9365.0,-8.8975,1987,18,628,국내 시장지수,TIMEFOLIO,False,False,False
388280,2,KBSTAR Fn컨택트대표,9270,5,-210,-2.22,9266.0,-0.2106,51240,483,625,국내 업종/테마,KBSTAR,False,False,False
371470,4,TIGER 차이나바이오테크SOLACTIVE,7725,5,-145,-1.84,7658.0,-27.0283,49465,386,606,해외 주식,TIGER,False,False,False
123310,3,TIGER 인버스,4905,2,10,0.2,4911.0,10.0,101152,496,603,국내 파생,TIGER,True,False,False
390390,4,KODEX 미국반도체MV,10490,5,-95,-0.9,10409.0,-13.6976,35717,374,587,해외 주식,KODEX,False,False,False
387280,2,TIGER 퓨처모빌리티액티브,9590,5,-250,-2.54,9552.0,-16.6455,16588,158,578,국내 업종/테마,TIGER,False,False,False
200250,4,KOSEF 인도Nifty50(합성),18195,2,280,1.56,18223.0,-3.5792,22287,401,573,해외 주식,KOSEF,False,False,False
136340,6,KBSTAR 중기우량회사채,103930,5,-85,-0.08,103978.0,-0.4356,380,39,572,채권,KBSTAR,False,False,False
387270,4,TIGER 글로벌BBIG액티브,10315,5,-120,-1.15,10259.0,-15.5745,12401,127,559,해외 주식,TIGER,False,False,False
310960,1,TIGER 200TR,19155,5,-45,-0.23,19230.0,-9.6896,572,10,555,국내 시장지수,TIGER,False,False,False
228790,2,TIGER 화장품,2705,5,-155,-5.42,2697.0,-0.6945,1449389,3971,554,국내 업종/테마,TIGER,False,False,False
417630,2,TIGER KEDI혁신기업ESG30,9985,5,-80,-0.79,10006.0,,365815,3657,554,국내 업종/테마,TIGER,False,False,False
122260,6,KOSEF 통안채1년,101305,2,10,0.01,101300.0,0.3109,317,32,537,채권,KOSEF,False,False,False
376410,2,TIGER 탄소효율그린뉴딜,8760,5,-15,-0.17,8751.0,-9.8614,2782,24,534,국내 업종/테마,TIGER,False,False,False
233160,3,TIGER 코스닥150 레버리지,11615,5,-615,-5.03,11712.0,-28.0165,86702,1020,534,국내 파생,TIGER,False,True,False
117680,2,KODEX 철강,9110,2,195,2.19,9112.0,5.0677,573244,5239,529,국내 업종/테마,KODEX,False,False,False
315960,2,KBSTAR 대형고배당10TR,14620,5,-135,-0.91,14649.0,-8.779,2335,34,526,국내 업종/테마,KBSTAR,False,False,False
130680,5,TIGER 원유선물Enhanced(H),5100,5,-5,-0.1,5124.0,53.3033,361184,1841,518,원자재,TIGER,False,False,True
306520,3,HANARO 200선물인버스,10190,2,15,0.15,10193.0,9.8219,1321,13,515,국내 파생,HANARO,True,False,False
300640,2,KBSTAR 게임테마,16110,5,-445,-2.69,16103.0,-23.0358,26186,426,507,국내 업종/테마,KBSTAR,False,False,False
099140,4,KODEX 차이나H,14910,5,-725,-4.64,14711.0,-14.5862,36857,553,507,해외 주식,KODEX,False,False,False
396500,2,TIGER Fn반도체TOP10,8965,5,-130,-1.43,8958.0,-6.1404,381062,3410,507,국내 업종/테마,TIGER,False,False,False
419890,6,히어로즈 단기채권ESG액티브,100180,3,0,0.0,100184.0,,0,0,501,채권,히어로즈,False,False,False
365000,2,TIGER KRX인터넷K-뉴딜,8935,2,25,0.28,8945.0,-22.4881,107442,964,500,국내 업종/테마,TIGER,False,False,False
341850,7,TIGER KIS부동산인프라채권TR,5815,2,10,0.17,5802.0,1.486,2885,16,494,기타,TIGER,False,False,False
256440,4,KINDEX 인도네시아MSCI(합성),10455,2,245,2.4,10465.0,11.2806,22075,228,491,해외 주식,KINDEX,False,False,False
368190,2,HANARO Fn K-뉴딜디지털플러스,9290,2,40,0.43,9289.0,-23.931,2427,22,483,국내 업종/테마,HANARO,False,False,False
371450,4,TIGER 글로벌클라우드컴퓨팅INDXX,8635,5,-145,-1.65,8576.0,-23.2182,7498,64,477,해외 주식,TIGER,False,False,False
354350,4,HANARO 글로벌럭셔리S&P(합성),16100,5,-100,-0.62,15989.0,-17.9747,8163,131,475,해외 주식,HANARO,False,False,False
102970,2,KODEX 증권,7670,5,-15,-0.2,7681.0,-4.9475,41028,315,464,국내 업종/테마,KODEX,False,False,False
256750,4,KODEX 차이나심천ChiNext(합성),12205,5,-275,-2.2,12227.0,-20.4589,12183,149,464,해외 주식,KODEX,False,False,False
292190,1,KODEX KRX300,16655,5,-60,-0.36,16658.0,-9.9165,4951,82,450,국내 시장지수,KODEX,False,False,False
337160,2,KODEX 200ESG,13155,2,30,0.23,13144.0,-7.8948,4683,61,447,국내 업종/테마,KODEX,False,False,False
400590,4,SOL 글로벌탄소배출권선물IHS(합성),11485,2,380,3.42,11555.0,-9.0872,105408,1200,436,해외 주식,SOL,False,False,False
269540,4,ARIRANG 미국S&P500(H),17800,5,-95,-0.53,17630.0,-7.1355,8767,155,427,해외 주식,ARIRANG,False,False,True
394350,4,KOSEF 릭소글로벌퓨처모빌리티MSCI,10000,5,-180,-1.77,9716.0,-16.1795,653,6,420,해외 주식,KOSEF,False,False,False
356540,6,KINDEX 종합채권(AA-이상)KIS액티브,96295,5,-110,-0.11,96244.0,-1.7279,1,0,417,채권,KINDEX,False,False,False
114460,6,KINDEX 국고채3년,104590,5,-30,-0.03,104592.0,-0.5589,63,6,408,채권,KINDEX,False,False,False
276970,4,KODEX 미국S&P고배당커버드콜(합성 H),9870,5,-35,-0.35,9730.0,-2.8922,23777,234,405,해외 주식,KODEX,False,False,True
397410,6,KBSTAR 국채선물5년추종인버스,51700,2,50,0.1,51689.0,1.7834,10,0,403,채권,KBSTAR,True,False,False
266360,2,KODEX 미디어&엔터테인먼트,20000,5,-80,-0.4,20002.0,-21.6085,18959,381,400,국내 업종/테마,KODEX,False,False,False
225800,7,KOSEF 미국달러선물레버리지,10505,2,150,1.45,10509.0,8.771,15578,162,399,기타,KOSEF,False,True,False
336160,6,KBSTAR 금융채액티브,101810,5,-105,-0.1,101848.0,-0.5562,7,0,397,채권,KBSTAR,False,False,False
395760,2,ARIRANG ESG성장주액티브,8540,5,-10,-0.12,8542.0,-10.5649,2041,17,393,국내 업종/테마,ARIRANG,False,False,False
304780,3,HANARO 200선물레버리지,20900,5,-45,-0.21,20906.0,-19.7202,573,11,387,국내 파생,HANARO,False,True,False
203780,4,TIGER 미국나스닥바이오,17795,5,-115,-0.64,17725.0,-11.2708,6784,120,384,해외 주식,TIGER,False,False,False
123320,3,TIGER 레버리지,18215,5,-85,-0.46,18256.0,-19.2232,18294,333,383,국내 파생,TIGER,False,True,False
244580,2,KODEX 바이오,9810,5,-300,-2.97,9925.0,-22.4099,39203,391,369,국내 업종/테마,KODEX,False,False,False
414270,2,KINDEX G2전기차&자율주행액티브,9380,5,-295,-3.05,9272.0,,554533,5250,366,국내 업종/테마,KINDEX,False,False,False
138230,7,KOSEF 미국달러선물,13000,2,100,0.78,13007.0,4.3267,15416,200,364,기타,KOSEF,False,False,False
114470,6,KOSEF 국고채3년,110115,5,-40,-0.04,110149.0,-0.7193,13,1,363,채권,KOSEF,False,False,False
219390,4,KBSTAR 미국S&P원유생산기업(합성 H),5530,5,-140,-2.47,5760.0,26.4214,423311,2346,362,해외 주식,KBSTAR,False,False,True
137610,5,TIGER 농산물선물Enhanced(H),8270,2,50,0.61,8274.0,23.0538,109442,910,356,원자재,TIGER,False,False,True
279530,2,KODEX 고배당,10320,2,65,0.63,10323.0,1.5346,43945,451,351,국내 업종/테마,KODEX,False,False,False
359210,1,KODEX 코스피TR,12415,5,-130,-1.04,12469.0,-10.0072,394,4,348,국내 시장지수,KODEX,False,False,False
326230,2,KBSTAR 내수주플러스,9245,5,-135,-1.44,9248.0,-5.2526,1187,10,342,국내 업종/테마,KBSTAR,False,False,False
375770,2,KODEX 탄소효율그린뉴딜,8770,5,-50,-0.57,8777.0,-9.306,2409,21,342,국내 업종/테마,KODEX,False,False,False
108450,2,KINDEX 삼성그룹섹터가중,14620,2,95,0.65,14622.0,-12.3681,1998,28,336,국내 업종/테마,KINDEX,False,False,False
252420,3,KBSTAR 200선물인버스2X,2605,2,25,0.97,2602.0,18.6206,239718,622,336,국내 파생,KBSTAR,True,False,False
218420,4,KODEX 미국S&P에너지(합성),10990,2,5,0.05,11101.0,40.563,57957,633,335,해외 주식,KODEX,False,False,False
319640,4,TIGER 골드선물(H),14275,5,-90,-0.63,14296.0,12.3143,16238,231,328,해외 주식,TIGER,False,False,True
266370,2,KODEX IT,18145,5,-165,-0.9,18134.0,-13.387,4951,89,327,국내 업종/테마,KODEX,False,False,False
210780,2,TIGER 코스피고배당,15300,2,55,0.36,15317.0,-0.8778,5677,86,326,국내 업종/테마,TIGER,False,False,False
404260,2,KODEX KRX기후변화솔루션,8555,5,-65,-0.75,8569.0,-13.1924,2067,17,325,국내 업종/테마,KODEX,False,False,False
361580,1,KBSTAR 200TR,18505,5,-55,-0.3,18533.0,-9.2865,5126,94,324,국내 시장지수,KBSTAR,False,False,False
418660,4,TIGER 미국나스닥100레버리지(합성),9920,5,-155,-1.54,9805.0,,2015844,19767,322,해외 주식,TIGER,False,True,False
284430,6,KODEX 200미국채혼합,12810,3,0,0.0,12771.0,-3.1014,9854,125,318,채권,KODEX,False,False,False
204450,4,KODEX 차이나H레버리지(H),2560,5,-320,-11.11,2492.0,-34.2466,1478997,3874,315,해외 주식,KODEX,False,True,True
404540,2,TIGER KRX기후변화솔루션,8600,5,-115,-1.32,8609.0,-12.544,3376,28,314,국내 업종/테마,TIGER,False,False,False
381560,2,HANARO Fn전기&수소차,7855,5,-110,-1.38,7869.0,-17.4184,107235,840,310,국내 업종/테마,HANARO,False,False,False
243880,2,TIGER 200IT레버리지,44080,5,-260,-0.59,44289.0,-25.4414,3936,171,309,국내 업종/테마,TIGER,False,True,False
304770,1,HANARO 코스닥150,12310,5,-280,-2.22,12454.0,-15.3898,123,1,305,국내 시장지수,HANARO,False,False,False
227540,2,TIGER 200 헬스케어,19540,5,-90,-0.46,19538.0,-13.9413,44002,864,305,국내 업종/테마,TIGER,False,False,False
287180,4,ARIRANG 미국나스닥테크,21820,5,-400,-1.8,21673.0,-14.98,10115,219,295,해외 주식,ARIRANG,False,False,False
385590,2,KINDEX ESG액티브,8460,5,-35,-0.41,8443.0,-10.1059,388,3,288,국내 업종/테마,KINDEX,False,False,False
169950,4,KODEX 차이나A50,20335,5,-290,-1.41,20204.0,-11.9907,2771,56,285,해외 주식,KODEX,False,False,False
407830,4,에셋플러스 글로벌플랫폼액티브,6935,5,-240,-3.34,7056.0,-21.5419,107226,741,284,해외 주식,에셋플러스,False,False,False
239660,6,ARIRANG 우량회사채50 1년,108885,2,10,0.01,108888.0,0.2301,901,98,283,채권,ARIRANG,False,False,False
385600,2,KINDEX 친환경자동차밸류체인액티브,8835,5,-390,-4.23,8819.0,-18.1819,4169,36,283,국내 업종/테마,KINDEX,False,False,False
332620,6,ARIRANG 미국장기우량회사채,95650,5,-10,-0.01,94843.0,-8.3278,420,40,277,채권,ARIRANG,False,False,False
304660,6,KODEX 미국채울트라30년선물(H),11460,5,-55,-0.48,11474.0,-9.1519,30971,355,275,채권,KODEX,False,False,True
396520,4,TIGER 차이나반도체FACTSET,8450,5,-170,-1.97,8364.0,-13.1487,11186,94,270,해외 주식,TIGER,False,False,False
276650,4,KBSTAR 글로벌4차산업IT(합성 H),20590,5,-340,-1.62,20399.0,-16.2633,657,13,268,해외 주식,KBSTAR,False,False,True
160580,5,TIGER 구리실물,11380,2,40,0.35,11602.0,10.097,22655,256,267,원자재,TIGER,False,False,False
280930,4,KODEX 미국러셀2000(H),12970,5,-135,-1.03,12893.0,-9.2766,800,10,266,해외 주식,KODEX,False,False,True
337140,2,KODEX 코스피대형주,12640,5,-45,-0.35,12700.0,-9.8116,2252,28,265,국내 업종/테마,KODEX,False,False,False
236350,4,TIGER 인도니프티50레버리지(합성),23545,2,225,0.96,23750.0,-5.3956,14956,347,264,해외 주식,TIGER,False,True,False
181480,7,KINDEX 미국다우존스리츠(합성 H),93870,5,-890,-0.94,93652.0,-5.8193,202,19,263,기타,KINDEX,False,False,True
272570,6,KBSTAR 중장기국공채액티브,101375,5,-160,-0.16,101327.0,-1.3314,7,0,259,채권,KBSTAR,False,False,False
248270,4,TIGER S&P글로벌헬스케어(합성),18405,2,85,0.46,18332.0,-0.6239,4447,81,258,해외 주식,TIGER,False,False,False
217780,4,TIGER 차이나CSI300인버스(합성),8000,2,180,2.3,7997.0,10.2184,12740,101,256,해외 주식,TIGER,True,False,False
211900,2,KODEX 배당성장,14475,5,-20,-0.14,14482.0,-5.3852,27011,390,253,국내 업종/테마,KODEX,False,False,False
213630,4,ARIRANG 미국다우존스고배당주(합성 H),16410,2,70,0.43,16350.0,3.8449,6770,110,251,해외 주식,ARIRANG,False,False,True
402970,4,KINDEX 미국고배당S&P,10400,2,75,0.73,10299.0,2.522,15350,158,250,해외 주식,KINDEX,False,False,False
266420,2,KODEX 헬스케어,13775,5,-45,-0.33,13856.0,-15.6803,19151,266,248,국내 업종/테마,KODEX,False,False,False
365040,1,TIGER AI코리아그로스액티브,12010,2,5,0.04,12008.0,-10.544,207,2,240,국내 시장지수,TIGER,False,False,False
377990,2,TIGER Fn신재생에너지,9060,5,-90,-0.98,9054.0,-5.2796,72086,656,240,국내 업종/테마,TIGER,False,False,False
152870,1,파워 200,36805,5,-45,-0.12,36884.0,-9.3816,74,2,239,국내 시장지수,파워,False,False,False
139270,2,TIGER 200 금융,7040,2,45,0.64,7039.0,0.0715,33656,236,238,국내 업종/테마,TIGER,False,False,False
395290,2,HANARO Fn K-POP&미디어,9885,5,-110,-1.1,9879.0,-4.9001,8334,82,237,국내 업종/테마,HANARO,False,False,False
332610,6,ARIRANG 미국단기우량회사채,102840,2,940,0.92,102935.0,2.6493,337,34,237,채권,ARIRANG,False,False,False
364990,2,TIGER KRX게임K-뉴딜,9095,5,-160,-1.73,9117.0,-27.6671,165113,1519,236,국내 업종/테마,TIGER,False,False,False
385710,2,TIMEFOLIO BBIG액티브,9060,5,-110,-1.2,9041.0,-19.5615,1530,13,236,국내 업종/테마,TIMEFOLIO,False,False,False
411540,1,SOL 200 Top10,8405,2,30,0.36,8418.0,-16.8322,355,2,235,국내 시장지수,SOL,False,False,False
114100,6,KBSTAR 국고채3년,110650,5,-90,-0.08,110721.0,-0.5506,51,5,232,채권,KBSTAR,False,False,False
395280,2,HANARO Fn K-게임,7430,5,-145,-1.91,7428.0,-26.8116,8048,60,227,국내 업종/테마,HANARO,False,False,False
399110,4,SOL 미국S&P500ESG,10300,2,5,0.05,10217.0,-4.3216,15741,161,227,해외 주식,SOL,False,False,False
230480,7,KOSEF 미국달러선물인버스2X,7065,5,-110,-1.53,7063.0,-8.1894,14682,104,225,기타,KOSEF,True,False,False
140710,2,KODEX 운송,6080,2,55,0.91,6081.0,3.8793,123593,747,225,국내 업종/테마,KODEX,False,False,False
277540,4,KINDEX 아시아TOP50S&P,12495,5,-150,-1.19,12385.0,-12.5821,1356,16,225,해외 주식,KINDEX,False,False,False
322410,2,HANARO 고배당,11435,2,105,0.93,11452.0,0.9803,2620,29,223,국내 업종/테마,HANARO,False,False,False
329670,7,KODEX TRF7030,13110,5,-15,-0.11,13016.0,-4.3368,2165,28,223,기타,KODEX,False,False,False
388420,2,KBSTAR 비메모리반도체액티브,9765,5,-220,-2.2,9761.0,-6.0678,51911,507,223,국내 업종/테마,KBSTAR,False,False,False
329660,7,KODEX TRF5050,12165,5,-20,-0.16,12088.0,-3.447,1512,18,219,기타,KODEX,False,False,False
237370,7,KODEX 배당성장채권혼합,11785,3,0,0.0,11777.0,-1.5044,28351,334,212,기타,KODEX,False,False,False
227830,1,ARIRANG 코스피,27835,5,-160,-0.57,27820.0,-9.5038,265,7,209,국내 시장지수,ARIRANG,False,False,False
253250,3,KOSEF 200선물레버리지,17185,5,-45,-0.26,17205.0,-19.486,5655,97,208,국내 파생,KOSEF,False,True,False
395160,2,KODEX Fn시스템반도체,8620,5,-180,-2.05,8623.0,-11.7353,132574,1142,207,국내 업종/테마,KODEX,False,False,False
138520,2,TIGER 삼성그룹펀더멘털,10995,5,-5,-0.05,10991.0,-6.8981,83042,911,207,국내 업종/테마,TIGER,False,False,False
300610,2,TIGER K게임,13945,5,-400,-2.79,13976.0,-21.9957,17632,247,202,국내 업종/테마,TIGER,False,False,False
409810,4,KODEX 미국나스닥100선물인버스(H),11870,2,190,1.63,11981.0,15.7008,59022,698,202,해외 주식,KODEX,True,False,True
152380,6,KODEX 국채선물10년,66350,5,-225,-0.34,66362.0,-3.6263,859,57,199,채권,KODEX,False,False,False
139250,2,TIGER 200 에너지화학,15980,5,-225,-1.39,15982.0,-16.426,21536,344,198,국내 업종/테마,TIGER,False,False,False
250780,3,TIGER 코스닥150선물인버스,4875,2,140,2.96,4880.0,11.6745,610170,2935,197,국내 파생,TIGER,True,False,False
117460,2,KODEX 에너지화학,15400,5,-215,-1.38,15399.0,-17.2497,15001,231,194,국내 업종/테마,KODEX,False,False,False
252400,3,KBSTAR 200선물레버리지,17380,5,-55,-0.32,17413.0,-19.6359,12646,219,191,국내 파생,KBSTAR,False,True,False
153270,1,KOSEF 코스피100,27055,5,-45,-0.17,27042.0,-10.0117,1285,34,189,국내 시장지수,KOSEF,False,False,False
352560,7,KODEX 다우존스미국리츠(H),14375,2,45,0.31,14234.0,-5.005,2306,33,187,기타,KODEX,False,False,True
265690,4,KINDEX 러시아MSCI(합성),10070,3,0,0.0,162.0,-68.1481,0,0,186,해외 주식,KINDEX,False,False,False
292730,1,FOCUS KRX300,16785,3,0,0.0,16739.0,-9.9276,0,0,185,국내 시장지수,FOCUS,False,False,False
168300,1,KTOP 코스피50,25000,5,-40,-0.16,25035.0,-11.66,125,3,184,국내 시장지수,KTOP,False,False,False
411050,4,KINDEX 글로벌메타버스테크액티브,7955,5,-135,-1.67,8033.0,,180301,1431,183,해외 주식,KINDEX,False,False,False
292160,1,TIGER KRX300,16580,2,30,0.18,16615.0,-10.4922,36,0,182,국내 시장지수,TIGER,False,False,False
411060,5,KINDEX KRX금현물,11325,2,85,0.76,11281.0,,248740,2798,181,원자재,KINDEX,False,False,False
289260,2,TIGER MSCI KOREA ESG리더스,9830,5,-30,-0.3,9865.0,-12.0821,5132,50,180,국내 업종/테마,TIGER,False,False,False
225130,4,KINDEX 골드선물 레버리지(합성 H),19660,5,-555,-2.75,20170.0,24.1326,3881,76,177,해외 주식,KINDEX,False,True,True
276990,4,KODEX 글로벌4차산업로보틱스(합성),16230,5,-150,-0.92,16152.0,-15.4145,3634,58,175,해외 주식,KODEX,False,False,False
354500,1,KINDEX 코스닥150,12510,5,-335,-2.61,12474.0,-14.6228,842,10,175,국내 시장지수,KINDEX,False,False,False
360140,2,KODEX 200롱코스닥150숏선물,10805,2,295,2.81,10823.0,2.1379,145,1,173,국내 업종/테마,KODEX,False,False,False
401590,4,HANARO 글로벌탄소배출권선물ICE(합성),11320,2,360,3.28,11443.0,-8.2462,72128,811,170,해외 주식,HANARO,False,False,False
400580,4,SOL 유럽탄소배출권선물S&P(H),12070,2,245,2.07,12179.0,-8.7226,50050,605,169,해외 주식,SOL,False,False,True
278620,6,ARIRANG 단기채권액티브,106310,2,25,0.02,106314.0,0.231,8,0,168,채권,ARIRANG,False,False,False
261250,7,KODEX 미국달러선물레버리지,11040,2,180,1.66,11031.0,8.6543,141220,1551,166,기타,KODEX,False,True,False
223190,2,KODEX 200가치저변동,10315,2,30,0.29,10320.0,-5.0762,1643,16,165,국내 업종/테마,KODEX,False,False,False
237350,1,KODEX 코스피100,27470,5,-95,-0.34,27596.0,-10.1386,8469,232,165,국내 시장지수,KODEX,False,False,False
289040,2,KODEX MSCI KOREA ESG유니버설,10730,5,-15,-0.14,10770.0,-10.1589,100,1,161,국내 업종/테마,KODEX,False,False,False
138910,5,KODEX 구리선물(H),8420,5,-100,-1.17,8423.0,7.5078,36685,308,160,원자재,KODEX,False,False,True
276000,4,TIGER 글로벌자원생산기업(합성 H),16575,5,-75,-0.45,16479.0,21.0909,8112,134,157,해외 주식,TIGER,False,False,True
300950,2,KODEX 게임산업,12080,5,-285,-2.3,12089.0,-28.4226,21971,269,157,국내 업종/테마,KODEX,False,False,False
269420,4,KODEX S&P글로벌인프라(합성),13445,2,200,1.51,13305.0,8.3435,5282,70,157,해외 주식,KODEX,False,False,False
140700,2,KODEX 보험,6795,2,55,0.82,6809.0,4.2536,96175,651,156,국내 업종/테마,KODEX,False,False,False
308620,6,KODEX 미국채10년선물,11910,3,0,0.0,11925.0,1.3617,3396,40,155,채권,KODEX,False,False,False
316670,1,KOSEF 코스닥150,6110,5,-170,-2.71,6197.0,-15.5347,6056,37,154,국내 시장지수,KOSEF,False,False,False
245350,4,TIGER 유로스탁스배당30,11830,2,340,2.96,11635.0,-9.3563,11838,140,154,해외 주식,TIGER,False,False,False
331910,2,KOSEF Fn중소형,23285,5,-250,-1.06,23259.0,0.0212,52,1,154,국내 업종/테마,KOSEF,False,False,False
261260,7,KODEX 미국달러선물인버스2X,8050,5,-120,-1.47,8044.0,-8.2023,245845,1986,153,기타,KODEX,True,False,False
253160,3,ARIRANG 200선물인버스2X,5240,2,35,0.67,5240.0,19.2439,57586,301,152,국내 파생,ARIRANG,True,False,False
407820,2,에셋플러스 코리아플랫폼액티브,8870,5,-125,-1.39,8893.0,-11.4666,33416,297,151,국내 업종/테마,에셋플러스,False,False,False
306950,3,KODEX KRX300레버리지,14945,5,-120,-0.8,14931.0,-20.4174,5231,77,149,국내 파생,KODEX,False,True,False
271060,5,KODEX 3대농산물선물(H),14525,5,-175,-1.19,14591.0,32.4324,129748,1897,148,원자재,KODEX,False,False,True
304760,1,HANARO KRX300,16400,5,-65,-0.39,16386.0,-9.8648,43,0,148,국내 시장지수,HANARO,False,False,False
182490,6,TIGER 단기선진하이일드(합성 H),12190,5,-30,-0.25,12157.0,-2.3962,2125,25,146,채권,TIGER,False,False,True
183700,7,KBSTAR 채권혼합,60390,5,-45,-0.07,60547.0,-3.3504,17,1,145,기타,KBSTAR,False,False,False
285690,2,FOCUS ESG리더스,10665,2,35,0.33,10613.0,-3.6702,5,0,144,국내 업종/테마,FOCUS,False,False,False
091220,2,TIGER 은행,7995,2,75,0.95,8005.0,0.8274,47577,379,144,국내 업종/테마,TIGER,False,False,False
404120,2,TIMEFOLIO 탄소중립액티브,8425,5,-60,-0.71,8431.0,-12.6159,132702,1120,143,국내 업종/테마,TIMEFOLIO,False,False,False
241390,7,KBSTAR V&S셀렉트밸류채권혼합,11835,5,-30,-0.25,11842.0,-3.1034,2158,25,142,기타,KBSTAR,False,False,False
411720,4,KBSTAR 글로벌메타버스Moorgate,8595,5,-35,-0.41,8552.0,,938,8,142,해외 주식,KBSTAR,False,False,False
241180,4,TIGER 일본니케이225,15695,2,40,0.26,15714.0,-10.1476,18769,294,141,해외 주식,TIGER,False,False,False
102960,2,KODEX 기계장비,5265,5,-120,-2.23,5278.0,-5.6918,40649,214,141,국내 업종/테마,KODEX,False,False,False
138530,2,TIGER LG그룹+펀더멘털,9575,5,-30,-0.31,9572.0,-9.5149,4783,45,140,국내 업종/테마,TIGER,False,False,False
238720,4,KINDEX 일본Nikkei225(H),16650,2,115,0.7,16671.0,-11.7899,5245,87,133,해외 주식,KINDEX,False,False,True
176950,6,KODEX 국채선물10년인버스,49580,2,135,0.27,49577.0,4.3143,390,19,131,채권,KODEX,True,False,False
289250,2,TIGER MSCI KOREA ESG유니버설,10760,5,-5,-0.05,10785.0,-10.3963,16,0,129,국내 업종/테마,TIGER,False,False,False
143460,2,KINDEX 밸류대형,9170,5,-10,-0.11,9187.0,-4.8212,73936,675,128,국내 업종/테마,KINDEX,False,False,False
360150,2,KODEX 코스닥150롱코스피200숏선물,8445,5,-270,-3.1,8475.0,-3.7549,121,1,127,국내 업종/테마,KODEX,False,False,False
122090,1,ARIRANG 코스피50,24765,5,-30,-0.12,24749.0,-11.4623,264,6,126,국내 시장지수,ARIRANG,False,False,False
418670,4,TIGER 글로벌사이버보안INDXX,10860,5,-55,-0.5,10845.0,,236319,2542,126,해외 주식,TIGER,False,False,False
211560,2,TIGER 배당성장,17975,5,-25,-0.14,17968.0,-4.8123,343,6,124,국내 업종/테마,TIGER,False,False,False
266410,2,KODEX 필수소비재,7750,5,-250,-3.12,7747.0,-5.6048,54942,426,124,국내 업종/테마,KODEX,False,False,False
365780,6,KINDEX 국고채10년,91790,5,-205,-0.22,91748.0,-3.4376,85,7,124,채권,KINDEX,False,False,False
261270,7,KODEX 미국달러선물인버스,9245,5,-75,-0.8,9238.0,-3.9671,75538,699,123,기타,KODEX,True,False,False
251600,7,ARIRANG 고배당주채권혼합,11140,2,30,0.27,11139.0,-0.1349,3974,44,123,기타,ARIRANG,False,False,False
200030,4,KODEX 미국S&P산업재(합성),21315,2,135,0.64,21216.0,-1.5571,6894,146,122,해외 주식,KODEX,False,False,False
253150,3,ARIRANG 200선물레버리지,34665,5,-110,-0.32,34652.0,-19.4184,7087,245,121,국내 파생,ARIRANG,False,True,False
140950,1,파워 코스피100,27550,2,5,0.02,27615.0,-10.2331,72,1,121,국내 시장지수,파워,False,False,False
390400,4,KODEX 미국스마트모빌리티S&P,7550,5,-165,-2.14,7521.0,-20.9934,3178,23,121,해외 주식,KODEX,False,False,False
367740,2,HANARO Fn5G산업,12655,3,0,0.0,12653.0,-4.7064,1542,19,120,국내 업종/테마,HANARO,False,False,False
227570,2,TIGER 우량가치,11600,5,-40,-0.34,11596.0,-1.8136,730,8,118,국내 업종/테마,TIGER,False,False,False
395150,2,KODEX Fn웹툰&드라마,8405,5,-145,-1.7,8404.0,-11.399,12668,106,118,국내 업종/테마,KODEX,False,False,False
292500,1,SOL KRX300,16730,5,-20,-0.12,16675.0,-9.5573,2,0,117,국내 시장지수,SOL,False,False,False
285000,2,KBSTAR 200IT,14275,5,-65,-0.45,14294.0,-12.481,77,1,117,국내 업종/테마,KBSTAR,False,False,False
280320,4,KINDEX 미국IT인터넷S&P(합성 H),14440,5,-500,-3.35,14366.0,-28.8572,1298,18,116,해외 주식,KINDEX,False,False,True
253290,7,KBSTAR 헬스케어채권혼합,11425,2,15,0.13,11414.0,-4.8374,8294,94,114,기타,KBSTAR,False,False,False
413220,4,SOL 차이나태양광CSI(합성),9515,5,-60,-0.63,9490.0,,6420,61,114,해외 주식,SOL,False,False,False
279540,2,KODEX 최소변동성,11265,3,0,0.0,11261.0,-7.2458,0,0,113,국내 업종/테마,KODEX,False,False,False
399580,4,KBSTAR 글로벌클린에너지S&P,9385,2,95,1.02,9360.0,-2.9766,8431,78,113,해외 주식,KBSTAR,False,False,False
253230,3,KOSEF 200선물인버스2X,2590,2,10,0.39,2591.0,19.4444,68459,177,112,국내 파생,KOSEF,True,False,False
229720,1,KODEX KTOP30,18710,2,75,0.4,18701.0,-13.3659,82,1,112,국내 시장지수,KODEX,False,False,False
368680,2,KODEX Fn K-뉴딜디지털플러스,9315,2,90,0.98,9313.0,-24.1054,2847,26,112,국내 업종/테마,KODEX,False,False,False
272910,6,KINDEX 중장기국공채액티브,98745,5,-45,-0.05,98689.0,-1.3038,1412,139,112,채권,KINDEX,False,False,False
251590,2,ARIRANG 고배당저변동50,11720,2,10,0.09,11716.0,2.8094,3424,40,111,국내 업종/테마,ARIRANG,False,False,False
316300,7,KINDEX 싱가포르리츠,12330,5,-60,-0.48,12434.0,3.0782,1798,22,111,기타,KINDEX,False,False,False
289670,6,ARIRANG 국채선물10년,53965,3,0,0.0,53805.0,-3.677,0,0,110,채권,ARIRANG,False,False,False
337150,2,KODEX 200exTOP,12180,5,-60,-0.49,12184.0,-9.7678,1,0,110,국내 업종/테마,KODEX,False,False,False
225050,4,TIGER 유로스탁스레버리지(합성 H),7825,2,235,3.1,7695.0,-26.2749,31668,245,110,해외 주식,TIGER,False,True,True
292050,1,KBSTAR KRX300,16840,5,-75,-0.44,16838.0,-9.5939,151,2,109,국내 시장지수,KBSTAR,False,False,False
410870,2,TIMEFOLIO K컬처액티브,8345,5,-165,-1.94,8335.0,,1532,12,108,국내 업종/테마,TIMEFOLIO,False,False,False
415760,4,SOL 차이나육성산업액티브(합성),8940,5,-115,-1.27,9244.0,,7093,63,107,해외 주식,SOL,False,False,False
248260,4,TIGER 일본TOPIX헬스케어(합성),10625,2,35,0.33,10613.0,-2.1257,5,0,106,해외 주식,TIGER,False,False,False
375760,2,HANARO 탄소효율그린뉴딜,8710,2,15,0.17,8708.0,-10.4071,637,5,105,국내 업종/테마,HANARO,False,False,False
219900,4,KINDEX 중국본토CSI300레버리지(합성),4710,5,-95,-1.98,4554.0,-19.783,2513,11,104,해외 주식,KINDEX,False,True,False
307010,3,KBSTAR KRX300레버리지,14775,5,-65,-0.44,14877.0,-35.394,337,5,103,국내 파생,KBSTAR,False,True,False
138920,5,KODEX 콩선물(H),14705,2,50,0.34,14666.0,32.8649,3606,52,103,원자재,KODEX,False,False,True
139240,2,TIGER 200 철강소재,9320,2,150,1.64,9315.0,4.323,53054,494,103,국내 업종/테마,TIGER,False,False,False
104530,2,KOSEF 고배당,9685,2,65,0.68,9679.0,0.3128,6031,58,102,국내 업종/테마,KOSEF,False,False,False
402460,2,HANARO Fn K-메타버스MZ,10165,5,-170,-1.64,10193.0,-13.297,5608,57,102,국내 업종/테마,HANARO,False,False,False
395270,2,HANARO Fn K-반도체,9235,5,-145,-1.55,9224.0,-7.5407,32501,299,102,국내 업종/테마,HANARO,False,False,False
417450,2,KBSTAR 글로벌수소경제Indxx,11880,2,115,0.98,11783.0,,13150,155,101,국내 업종/테마,KBSTAR,False,False,False
100910,1,KOSEF KRX100,5605,5,-20,-0.36,5611.0,-10.7143,115,0,101,국내 시장지수,KOSEF,False,False,False
270800,2,KBSTAR KQ고배당,14340,5,-155,-1.07,14341.0,-3.7837,1144,16,100,국내 업종/테마,KBSTAR,False,False,False
139660,7,KOSEF 미국달러선물인버스,9625,5,-75,-0.77,9617.0,-3.9604,6618,63,100,기타,KOSEF,True,False,False
104520,2,KOSEF 블루칩,9065,5,-50,-0.55,9066.0,-7.1793,189,1,100,국내 업종/테마,KOSEF,False,False,False
292750,1,ARIRANG KRX300,16615,5,-5,-0.03,16609.0,-9.8699,371,6,100,국내 시장지수,ARIRANG,False,False,False
403790,1,마이다스 KoreaStock액티브,18920,5,-80,-0.42,19005.0,-8.4338,78,1,99,국내 시장지수,마이다스,False,False,False
261070,2,TIGER 코스닥150바이오테크,8835,5,-150,-1.67,8972.0,-18.5773,3035,27,99,국내 업종/테마,TIGER,False,False,False
416090,4,KINDEX 중국과창판STAR50,8965,5,-75,-0.83,8997.0,,2346,21,99,해외 주식,KINDEX,False,False,False
152500,3,KINDEX 레버리지,7585,2,10,0.13,7582.0,-19.7139,5939,44,99,국내 파생,KINDEX,False,True,False
371130,4,KINDEX 베트남VN30선물블룸버그레버리지(H),19710,5,-660,-3.24,19959.0,-6.1723,2601,51,99,해외 주식,KINDEX,False,True,True
145850,2,TREX 펀더멘탈 200,38620,5,-110,-0.28,38566.0,-3.4767,7,0,97,국내 업종/테마,TREX,False,False,False
352540,7,KODEX TSE일본리츠(H),12005,5,-145,-1.19,12006.0,-7.0391,122,1,96,기타,KODEX,False,False,True
244620,2,KODEX 모멘텀Plus,11925,5,-250,-2.05,11985.0,-7.1674,9168,109,95,국내 업종/테마,KODEX,False,False,False
195920,4,TIGER 일본TOPIX(합성 H),14890,5,-95,-0.63,14960.0,-7.898,138,2,95,해외 주식,TIGER,False,False,True
225030,4,TIGER 미국S&P500선물인버스(H),3885,2,20,0.52,3884.0,8.4151,39526,153,95,해외 주식,TIGER,True,False,True
101280,4,KODEX 일본TOPIX100,15690,5,-5,-0.03,15692.0,-7.7579,563,8,94,해외 주식,KODEX,False,False,False
364690,1,KODEX 혁신기술테마액티브,11745,5,-115,-0.97,11800.0,-9.6726,163,1,94,국내 시장지수,KODEX,False,False,False
105780,2,KBSTAR 5대그룹주,6685,5,-40,-0.59,6681.0,-15.0884,781,5,94,국내 업종/테마,KBSTAR,False,False,False
391590,4,KINDEX 미국스팩&IPO INDXX,7795,2,15,0.19,7719.0,-21.2949,41,0,94,해외 주식,KINDEX,False,False,False
354240,7,KBSTAR 미국고정배당우선증권ICE TR,10325,2,15,0.15,10283.0,-3.6899,1158,11,93,기타,KBSTAR,False,False,False
402520,1,FOCUS 혁신기업액티브,8415,5,-80,-0.94,8430.0,-12.6479,389,3,93,국내 시장지수,FOCUS,False,False,False
108590,1,TREX 200,37000,5,-110,-0.3,37111.0,-8.7422,44,1,93,국내 시장지수,TREX,False,False,False
413930,2,WOORI AI ESG액티브,8780,5,-75,-0.85,8773.0,,27973,245,92,국내 업종/테마,WOORI,False,False,False
419650,2,ARIRANG 글로벌수소&차세대연료전지MV,12240,2,270,2.26,12161.0,,305799,3731,92,국내 업종/테마,ARIRANG,False,False,False
322130,2,KINDEX 스마트로우볼,15285,5,-45,-0.29,15308.0,-8.2586,20,0,92,국내 업종/테마,KINDEX,False,False,False
196030,4,KINDEX 일본TOPIX레버리지(H),17950,2,180,1.01,18086.0,-18.561,487,8,90,해외 주식,KINDEX,False,True,True
139310,5,TIGER 금속선물(H),8970,2,30,0.34,9056.0,27.4411,24433,219,90,원자재,TIGER,False,False,True
310080,4,KBSTAR 중국MSCI China(H),8500,5,-590,-6.49,8377.0,-20.1231,4791,41,89,해외 주식,KBSTAR,False,False,True
291130,4,KINDEX 멕시코MSCI(합성),10995,2,65,0.59,10940.0,9.4094,328,3,88,해외 주식,KINDEX,False,False,False
275290,2,KODEX MSCI밸류,12050,2,30,0.25,12048.0,-3.6087,210,2,84,국내 업종/테마,KODEX,False,False,False
412570,2,TIGER KRX2차전지K-뉴딜레버리지,5255,5,-215,-3.93,5227.0,,262310,1360,84,국내 업종/테마,TIGER,False,True,False
139320,5,TIGER 금은선물(H),10445,5,-70,-0.67,10478.0,12.8824,9994,104,84,원자재,TIGER,False,False,True
156080,1,KODEX MSCI Korea,16700,5,-30,-0.18,16703.0,-9.9812,17,0,84,국내 시장지수,KODEX,False,False,False
244670,2,KODEX 밸류Plus,9255,5,-130,-1.39,9287.0,-1.0543,3275,30,83,국내 업종/테마,KODEX,False,False,False
415920,5,ARIRANG 글로벌희토류전략자원기업MV,9255,5,-200,-2.12,9167.0,,200706,1881,83,원자재,ARIRANG,False,False,False
272230,2,KINDEX 스마트밸류,13880,5,-10,-0.07,13897.0,-8.4076,20,0,83,국내 업종/테마,KINDEX,False,False,False
407160,2,MASTER 테크미디어텔레콤액티브,9170,5,-40,-0.43,9162.0,-11.1862,2641,24,83,국내 업종/테마,MASTER,False,False,False
407300,2,HANARO Fn골프테마,8675,5,-130,-1.48,8696.0,-7.3158,5570,48,82,국내 업종/테마,HANARO,False,False,False
167860,6,KOSEF 국고채10년레버리지,117540,5,-590,-0.5,117508.0,-7.5666,95,11,82,채권,KOSEF,False,True,False
189400,4,ARIRANG 글로벌MSCI(합성 H),16060,2,15,0.09,15922.0,-11.1819,1014,16,82,해외 주식,ARIRANG,False,False,True
137930,3,마이다스 200커버드콜5%OTM,13555,2,15,0.11,13631.0,-8.0164,4,0,81,국내 파생,마이다스,False,False,False
205720,4,KINDEX 일본TOPIX인버스(합성 H),4495,5,-15,-0.33,4520.0,7.1258,3254,14,81,해외 주식,KINDEX,True,False,True
131890,2,KINDEX 삼성그룹동일가중,16160,5,-100,-0.62,16193.0,-5.1896,166,2,81,국내 업종/테마,KINDEX,False,False,False
183710,7,KBSTAR 주식혼합,39790,2,35,0.09,39853.0,-7.1796,3,0,80,기타,KBSTAR,False,False,False
322150,2,KINDEX 스마트하이베타,13215,5,-40,-0.3,13226.0,-9.7686,20,0,79,국내 업종/테마,KINDEX,False,False,False
381570,2,HANARO Fn친환경에너지,9300,5,-200,-2.11,9296.0,-11.0904,1525,14,79,국내 업종/테마,HANARO,False,False,False
261140,2,TIGER 우선주,11900,5,-175,-1.45,11935.0,-10.3164,7150,85,79,국내 업종/테마,TIGER,False,False,False
373790,4,KOSEF 미국방어배당성장나스닥,13055,2,170,1.32,12938.0,6.268,150959,1954,78,해외 주식,KOSEF,False,False,False
407170,2,MASTER 스마트커머스액티브,9195,5,-85,-0.92,9184.0,-6.4045,3026,27,78,국내 업종/테마,MASTER,False,False,False
226980,1,KODEX 200 중소형,13010,5,-125,-0.95,13005.0,-4.5769,9221,119,78,국내 시장지수,KODEX,False,False,False
419170,4,HANARO 미국메타버스iSelect,9730,5,-140,-1.42,9718.0,,78,0,78,해외 주식,HANARO,False,False,False
174350,2,TIGER 로우볼,12155,2,55,0.45,12155.0,0.6237,100,1,78,국내 업종/테마,TIGER,False,False,False
261110,7,TIGER 미국달러선물레버리지,11110,2,155,1.41,11114.0,8.8966,975,10,78,기타,TIGER,False,True,False
213610,2,KODEX 삼성그룹밸류,8625,2,40,0.47,8628.0,-7.4394,7503,63,78,국내 업종/테마,KODEX,False,False,False
337120,2,KODEX Fn멀티팩터,12910,5,-35,-0.27,12899.0,-7.6347,100,1,77,국내 업종/테마,KODEX,False,False,False
250730,4,KBSTAR 차이나HSCEI(H),7735,5,-420,-5.15,7647.0,-17.9578,10653,82,77,해외 주식,KBSTAR,False,False,True
373530,4,ARIRANG 신흥국MSCI인버스(합성 H),10730,2,225,2.14,10756.0,12.9569,633,6,77,해외 주식,ARIRANG,True,False,True
333970,2,ARIRANG KS밸류가중TR,15380,5,-80,-0.52,15373.0,-3.2238,320,4,77,국내 업종/테마,ARIRANG,False,False,False
159800,1,마이티 코스피100,27250,2,125,0.46,27441.0,-10.5819,2,0,76,국내 시장지수,마이티,False,False,False
375270,7,KBSTAR 글로벌데이터센터리츠나스닥(합성),11670,5,-65,-0.55,11626.0,-5.5914,1945,22,76,기타,KBSTAR,False,False,False
185680,4,KODEX 미국S&P바이오(합성),23160,5,-440,-1.86,22931.0,-18.7048,3616,82,75,해외 주식,KODEX,False,False,False
251890,1,KINDEX 코스닥(합성),12445,5,-330,-2.58,12484.0,-11.6834,420,5,75,국내 시장지수,KINDEX,False,False,False
237440,7,TIGER 경기방어채권혼합,9300,5,-2800,-23.14,9326.0,26.2389,14957,139,74,기타,TIGER,False,False,False
368200,2,KBSTAR Fn K-뉴딜디지털플러스,9295,2,75,0.81,9315.0,-24.3643,69,0,74,국내 업종/테마,KBSTAR,False,False,False
315270,2,TIGER 200커뮤니케이션서비스,26335,2,155,0.59,26345.0,-17.4263,25805,680,74,국내 업종/테마,TIGER,False,False,False
192720,2,파워 고배당저변동성,30685,3,0,0.0,30778.0,1.3207,160,4,74,국내 업종/테마,파워,False,False,False
319870,7,KBSTAR KRX300미국달러선물혼합,14595,5,-30,-0.21,14612.0,-5.7364,206,2,73,기타,KBSTAR,False,False,False
292560,7,TIGER 일본엔선물,10360,5,-25,-0.24,10368.0,1.416,450,4,73,기타,TIGER,False,False,False
226380,2,KINDEX Fn성장소비주도주,7230,5,-185,-2.49,7230.0,-5.1184,160,1,72,국내 업종/테마,KINDEX,False,False,False
298340,6,ARIRANG 국채선물3년,52985,3,0,0.0,52993.0,-0.5724,0,0,72,채권,ARIRANG,False,False,False
256450,4,ARIRANG 심천차이넥스트(합성),11975,5,-155,-1.28,12079.0,-21.742,644,7,72,해외 주식,ARIRANG,False,False,False
234310,2,KBSTAR V&S셀렉트밸류,14265,5,-65,-0.45,14292.0,-6.7361,2,0,71,국내 업종/테마,KBSTAR,False,False,False
291680,4,KBSTAR 차이나H선물인버스(H),14240,2,710,5.25,14373.0,20.0532,4299,60,71,해외 주식,KBSTAR,True,False,True
269370,4,TIGER S&P글로벌인프라(합성),11795,3,0,0.0,11797.0,8.5895,411,4,71,해외 주식,TIGER,False,False,False
334690,5,KBSTAR 팔라듐선물(H),15420,5,-1430,-8.49,15440.0,62.7233,61533,942,69,원자재,KBSTAR,False,False,True
225060,4,TIGER 이머징마켓MSCI레버리지(합성 H),9370,5,-365,-3.75,9253.0,-24.4764,459,4,69,해외 주식,TIGER,False,True,True
252650,1,KODEX 200동일가중,11515,5,-110,-0.95,11526.0,-4.1238,360,4,69,국내 시장지수,KODEX,False,False,False
244660,2,KODEX 퀄리티Plus,9830,5,-180,-1.8,9826.0,-3.8425,740,7,69,국내 업종/테마,KODEX,False,False,False
404650,2,SOL KRX기후변화솔루션,8570,5,-100,-1.15,8551.0,-12.6449,3,0,69,국내 업종/테마,SOL,False,False,False
140570,2,KBSTAR 수출주,11410,5,-40,-0.35,11451.0,-8.1428,111,1,68,국내 업종/테마,KBSTAR,False,False,False
305050,1,KINDEX 코스피,27360,5,-175,-0.64,27344.0,-9.8396,100,2,68,국내 시장지수,KINDEX,False,False,False
403990,2,KBSTAR KRX기후변화솔루션,8550,5,-90,-1.04,8567.0,-13.0348,137,1,68,국내 업종/테마,KBSTAR,False,False,False
166400,3,TIGER 200커버드콜5%OTM,13545,3,0,0.0,13566.0,-9.1854,0,0,68,국내 파생,TIGER,False,False,False
307510,2,TIGER 의료기기,16865,5,-225,-1.32,16825.0,-11.1747,1167,19,67,국내 업종/테마,TIGER,False,False,False
411860,4,KOSEF 독일DAX,8960,2,130,1.47,8872.0,,4123,36,67,해외 주식,KOSEF,False,False,False
275280,2,KODEX MSCI모멘텀,11070,5,-80,-0.72,11078.0,-13.2296,1464,16,66,국내 업종/테마,KODEX,False,False,False
266390,2,KODEX 경기소비재,10975,5,-325,-2.88,10987.0,-1.9098,1298,14,66,국내 업종/테마,KODEX,False,False,False
252000,1,TIGER 200동일가중,11820,5,-35,-0.3,11796.0,-4.3566,9,0,65,국내 시장지수,TIGER,False,False,False
394340,4,KOSEF 릭소글로벌디지털경제MSCI,8090,5,-210,-2.53,7962.0,-18.1056,123,0,65,해외 주식,KOSEF,False,False,False
238670,7,ARIRANG 스마트베타Quality채권혼합,10740,5,-20,-0.19,10737.0,-1.6903,458,4,64,기타,ARIRANG,False,False,False
269530,4,ARIRANG S&P글로벌인프라,12870,5,-5,-0.04,13025.0,9.0639,299,3,64,해외 주식,ARIRANG,False,False,False
261120,7,TIGER 미국달러선물인버스2X,8000,5,-130,-1.6,8001.0,-8.446,6951,55,64,기타,TIGER,True,False,False
277650,2,TIGER 코스피중형주,15950,5,-195,-1.21,15917.0,-3.5544,7,0,64,국내 업종/테마,TIGER,False,False,False
195970,4,ARIRANG 선진국MSCI(합성 H),10540,5,-250,-2.32,10682.0,-10.8633,24818,263,63,해외 주식,ARIRANG,False,False,True
322120,2,KINDEX 스마트퀄리티,15810,5,-115,-0.72,15832.0,-12.259,23,0,63,국내 업종/테마,KINDEX,False,False,False
243890,2,TIGER 200에너지화학레버리지,12540,5,-375,-2.9,12511.0,-31.9189,2952,37,63,국내 업종/테마,TIGER,False,True,False
379790,4,KBSTAR 유로스탁스50(H),9645,2,145,1.53,9525.0,-11.7101,17191,164,63,해외 주식,KBSTAR,False,False,True
275300,2,KODEX MSCI퀄리티,8950,5,-45,-0.5,8947.0,-13.9235,428,3,63,국내 업종/테마,KODEX,False,False,False
289480,3,TIGER 200커버드콜ATM,10440,2,10,0.1,10435.0,-6.0361,20,0,63,국내 파생,TIGER,False,False,False
314700,2,HANARO 농업융복합산업,11180,5,-105,-0.93,11213.0,-6.7741,237,2,61,국내 업종/테마,HANARO,False,False,False
252730,2,KBSTAR 모멘텀로우볼,15365,2,105,0.69,15383.0,-5.0405,8,0,61,국내 업종/테마,KBSTAR,False,False,False
105010,4,TIGER 라틴35,3780,5,-40,-1.05,3819.0,21.9278,6915,26,60,해외 주식,TIGER,False,False,False
272220,2,KINDEX 스마트모멘텀,15105,5,-30,-0.2,15130.0,-11.0491,20,0,60,국내 업종/테마,KINDEX,False,False,False
395170,2,KODEX Fn Top10동일가중,7515,5,-70,-0.92,7509.0,-17.6439,1941,14,60,국내 업종/테마,KODEX,False,False,False
391670,1,HK 베스트일레븐액티브,8555,2,20,0.23,8570.0,-11.3247,1,0,60,국내 시장지수,HK,False,False,False
412560,2,TIGER KRX BBIG K-뉴딜레버리지,5440,5,-50,-0.91,5482.0,,20702,113,60,국내 업종/테마,TIGER,False,True,False
291630,3,KOSEF 코스닥150선물레버리지,4945,5,-295,-5.63,4947.0,-26.1972,15722,78,60,국내 파생,KOSEF,False,True,False
145670,3,KINDEX 인버스,5425,3,0,0.0,5428.0,10.6014,11956,64,60,국내 파생,KINDEX,True,False,False
267490,6,KBSTAR 미국장기국채선물레버리지(합성 H),11825,5,-120,-1.0,11779.0,-8.5726,45,0,59,채권,KBSTAR,False,True,True
176710,6,파워 중기국고채,98360,3,0,0.0,98411.0,-0.6947,1,0,59,채권,파워,False,False,False
290080,3,KBSTAR 200고배당커버드콜ATM,8355,2,25,0.3,8347.0,4.793,392,3,58,국내 파생,KBSTAR,False,False,False
342140,7,KINDEX 싱가포르리츠채권혼합모닝스타,9715,5,-10,-0.1,9765.0,-3.2339,441,4,58,기타,KINDEX,False,False,False
333960,2,ARIRANG KS모멘텀가중TR,14345,5,-60,-0.42,14337.0,-6.4611,22,0,57,국내 업종/테마,ARIRANG,False,False,False
139290,2,TIGER 200 경기소비재,15060,5,-250,-1.63,15051.0,-11.4261,454,6,57,국내 업종/테마,TIGER,False,False,False
140580,2,KBSTAR 우량업종,11440,2,15,0.13,11445.0,-5.4222,5,0,57,국내 업종/테마,KBSTAR,False,False,False
261920,4,KINDEX 필리핀MSCI(합성),14210,5,-465,-3.17,14156.0,0.7898,333,4,57,해외 주식,KINDEX,False,False,False
117690,4,TIGER 차이나항셍25,12630,5,-475,-3.62,12479.0,-14.4192,2680,33,57,해외 주식,TIGER,False,False,False
376250,2,ARIRANG 탄소효율그린뉴딜,8740,5,-45,-0.51,8739.0,-9.2928,683,5,57,국내 업종/테마,ARIRANG,False,False,False
380340,2,KINDEX Fn5G플러스,8115,5,-150,-1.81,8111.0,-11.6043,2242,18,57,국내 업종/테마,KINDEX,False,False,False
253280,2,KBSTAR 헬스케어,12390,2,40,0.32,12360.0,-14.3551,9403,116,56,국내 업종/테마,KBSTAR,False,False,False
368470,2,KINDEX Fn K-뉴딜디지털플러스,11090,2,50,0.45,11110.0,-24.1759,33,0,55,국내 업종/테마,KINDEX,False,False,False
228820,1,TIGER KTOP30,9235,5,-30,-0.32,9274.0,-13.0456,773,7,55,국내 시장지수,TIGER,False,False,False
404470,2,HANARO KRX기후변화솔루션,8525,5,-140,-1.62,8550.0,-12.5631,70,0,55,국내 업종/테마,HANARO,False,False,False
333950,2,ARIRANG KS로우사이즈가중TR,15790,5,-185,-1.16,15776.0,-5.9742,126,1,55,국내 업종/테마,ARIRANG,False,False,False
304670,6,KODEX 미국채울트라30년선물인버스(H),7885,2,45,0.57,7872.0,8.9645,9562,75,55,채권,KODEX,True,False,True
267440,6,KBSTAR 미국장기국채선물(H),11025,5,-160,-1.43,11125.0,-4.9299,201,2,55,채권,KBSTAR,False,False,True
215620,2,HK S&P코리아로우볼,12020,3,0,0.0,12024.0,-0.1247,0,0,54,국내 업종/테마,HK,False,False,False
261060,2,TIGER 코스닥150IT,14945,5,-620,-3.98,14988.0,-11.0572,369,5,54,국내 업종/테마,TIGER,False,False,False
292340,3,마이티 200커버드콜ATM레버리지,8955,3,0,0.0,8970.0,-12.2919,0,0,54,국내 파생,마이티,False,True,False
277640,2,TIGER 코스피대형주,13140,5,-145,-1.09,13207.0,-9.2183,287,3,53,국내 업종/테마,TIGER,False,False,False
157500,2,TIGER 증권,4520,5,-5,-0.11,4518.0,-4.937,1247,5,52,국내 업종/테마,TIGER,False,False,False
292770,6,KODEX 국채선물3년인버스,50625,3,0,0.0,50627.0,0.8466,0,0,52,채권,KODEX,True,False,False
306530,3,HANARO 코스닥150선물레버리지,9930,5,-565,-5.38,9925.0,-26.3251,1187,12,52,국내 파생,HANARO,False,True,False
252410,3,KBSTAR 200선물인버스,5710,3,0,0.0,5708.0,9.8076,5387,30,51,국내 파생,KBSTAR,True,False,False
321410,7,KODEX 멀티에셋하이인컴(H),10265,5,-70,-0.68,10243.0,-5.0529,2,0,51,기타,KODEX,False,False,True
291620,3,KOSEF 코스닥150선물인버스,8645,2,235,2.79,8645.0,11.984,2367,20,51,국내 파생,KOSEF,True,False,False
373490,2,KODEX K-이노베이션액티브,10150,5,-115,-1.12,10164.0,-8.1843,157,1,51,국내 업종/테마,KODEX,False,False,False
299080,6,KINDEX 국채선물3년인버스,101380,3,0,0.0,101344.0,0.961,0,0,51,채권,KINDEX,True,False,False
227550,2,TIGER 200 산업재,6335,5,-55,-0.86,6354.0,3.6496,1345,8,51,국내 업종/테마,TIGER,False,False,False
307520,2,TIGER 지주회사,10115,5,-150,-1.46,10126.0,-7.1461,2622,26,51,국내 업종/테마,TIGER,False,False,False
299070,6,KINDEX 국채선물10년인버스,100720,2,115,0.11,100746.0,4.4541,7,0,50,채권,KINDEX,True,False,False
391680,1,HK 하이볼액티브,8350,2,15,0.18,8375.0,-9.353,1,0,50,국내 시장지수,HK,False,False,False
220130,4,SOL 중국본토 중소형 CSI500(합성 H),5565,5,-30,-0.54,5554.0,-11.12,2619,14,50,해외 주식,SOL,False,False,True
301410,3,ARIRANG 코스닥150선물인버스,7535,2,200,2.73,7534.0,12.1559,22773,170,49,국내 파생,ARIRANG,True,False,False
281990,2,KBSTAR 중소형고배당,12155,5,-50,-0.41,12186.0,1.7931,380,4,49,국내 업종/테마,KBSTAR,False,False,False
253240,3,KOSEF 200선물인버스,5710,3,0,0.0,5717.0,9.8076,12605,72,49,국내 파생,KOSEF,True,False,False
371150,4,KBSTAR 차이나항셍테크,5390,5,-375,-6.5,5300.0,-27.3472,98616,537,49,해외 주식,KBSTAR,False,False,False
295820,1,ARIRANG 200동일가중,10575,5,-105,-0.98,10564.0,-3.3485,22,0,48,국내 시장지수,ARIRANG,False,False,False
301440,2,ARIRANG 코스피중형주,11715,5,-155,-1.31,11698.0,-2.9833,26,0,47,국내 업종/테마,ARIRANG,False,False,False
098560,2,TIGER 방송통신,9295,2,150,1.64,9292.0,-2.8678,10107,93,46,국내 업종/테마,TIGER,False,False,False
333940,2,ARIRANG KS로우볼가중TR,12765,5,-25,-0.2,12760.0,-4.8717,20,0,45,국내 업종/테마,ARIRANG,False,False,False
227560,2,TIGER 200 생활소비재,9420,5,-255,-2.64,9415.0,-4.113,28515,268,43,국내 업종/테마,TIGER,False,False,False
295020,6,KBSTAR 국채선물10년인버스,50210,2,155,0.31,50187.0,4.1618,106,5,43,채권,KBSTAR,True,False,False
291890,4,KODEX MSCI EM선물(H),8570,5,-230,-2.61,8556.0,-11.2456,100,0,43,해외 주식,KODEX,False,False,True
280920,2,ARIRANG 주도업종,9415,2,25,0.27,9401.0,-14.2466,1254,11,42,국내 업종/테마,ARIRANG,False,False,False
267450,6,KBSTAR 미국장기국채선물인버스(H),8195,5,-5,-0.06,8253.0,5.1956,1418,11,41,채권,KBSTAR,True,False,True
285010,2,KBSTAR 200중공업,10160,2,10,0.1,10162.0,1.3986,2654,26,41,국내 업종/테마,KBSTAR,False,False,False
147970,2,TIGER 모멘텀,24570,2,40,0.16,24569.0,-0.2035,317,7,39,국내 업종/테마,TIGER,False,False,False
361590,2,KBSTAR 코스피ex200,13055,5,-160,-1.21,13045.0,-5.8426,149,1,39,국내 업종/테마,KBSTAR,False,False,False
280940,5,KODEX 골드선물인버스(H),6525,2,50,0.77,6518.0,-11.3014,5209,33,39,원자재,KODEX,True,False,True
266550,2,ARIRANG 중형주저변동50,11095,5,-125,-1.11,11078.0,-1.7514,51,0,39,국내 업종/테마,ARIRANG,False,False,False
346000,6,HANARO KAP초장기국고채,42070,5,-275,-0.65,42126.0,-6.3848,159,6,39,채권,HANARO,False,False,False
287300,2,KBSTAR 200건설,12790,2,25,0.2,12823.0,1.7536,24863,318,38,국내 업종/테마,KBSTAR,False,False,False
275750,3,KBSTAR 코스닥150선물인버스,5010,2,135,2.77,5009.0,12.0689,30818,152,38,국내 파생,KBSTAR,True,False,False
371870,4,KINDEX 차이나항셍테크,5300,5,-355,-6.28,5221.0,-27.6392,9164,49,37,해외 주식,KINDEX,False,False,False
333980,2,ARIRANG KS퀄리티가중TR,14110,5,-85,-0.6,14105.0,-9.0065,20,0,35,국내 업종/테마,ARIRANG,False,False,False
267500,6,KBSTAR 미국장기국채선물인버스2X(합성 H),6350,2,30,0.47,6397.0,7.3916,6387,40,35,채권,KBSTAR,True,False,True
315480,2,KBSTAR 200커뮤니케이션서비스,16495,2,195,1.2,16481.0,-17.9668,81,1,33,국내 업종/테마,KBSTAR,False,False,False
278420,2,ARIRANG ESG우수기업,9120,2,10,0.11,9116.0,-0.7626,107,0,32,국내 업종/테마,ARIRANG,False,False,False
284980,2,KBSTAR 200금융,8980,2,80,0.9,8992.0,-0.3918,3432,30,31,국내 업종/테마,KBSTAR,False,False,False
309210,2,ARIRANG KRX300헬스케어,9570,5,-35,-0.36,9712.0,-16.6233,439,4,29,국내 업종/테마,ARIRANG,False,False,False
252720,2,KBSTAR 모멘텀밸류,14025,2,165,1.19,14018.0,-2.8392,87,1,28,국내 업종/테마,KBSTAR,False,False,False
217790,2,TIGER 가격조정,22885,5,-145,-0.63,22863.0,-5.7114,110,2,27,국내 업종/테마,TIGER,False,False,False
301400,1,ARIRANG 코스닥150,12325,5,-335,-2.65,12494.0,-15.0336,5508,69,25,국내 시장지수,ARIRANG,False,False,False
397420,6,KBSTAR 국채선물5년추종,48655,5,-40,-0.08,48628.0,-1.4072,4,0,23,채권,KBSTAR,False,False,False
285020,2,KBSTAR 200철강소재,9050,2,145,1.63,9053.0,5.0117,2978,27,22,국내 업종/테마,KBSTAR,False,False,False
295000,6,KBSTAR 국채선물10년,52860,5,-155,-0.29,52839.0,-3.7491,56,2,21,채권,KBSTAR,False,False,False
284990,2,KBSTAR 200에너지화학,10730,5,-105,-0.97,10727.0,-16.0403,2937,31,19,국내 업종/테마,KBSTAR,False,False,False
208470,4,SOL 선진국MSCI World(합성 H),17265,5,-30,-0.17,17124.0,-10.8046,1,0,17,해외 주식,SOL,False,False,True
287330,2,KBSTAR 200생활소비재,7190,5,-175,-2.38,7193.0,-3.9139,38957,279,17,국내 업종/테마,KBSTAR,False,False,False
334700,5,KBSTAR 팔라듐선물인버스(H),3835,2,285,8.03,3869.0,-41.03,48652,186,17,원자재,KBSTAR,True,False,True
287310,2,KBSTAR 200경기소비재,9450,5,-165,-1.72,9466.0,-10.8898,11,0,9,국내 업종/테마,KBSTAR,False,False,False
287320,2,KBSTAR 200산업재,11470,3,0,0.0,11458.0,3.9891,38,0,7,국내 업종/테마,KBSTAR,False,False,False
