일자,확진자수,후암동,용산2가동,남영동,청파동,원효로제1동,원효로제2동,효창동,용문동,한강로동,이촌제1동,이촌제2동,이태원제1동,이태원제2동,한남동,서빙고동,보광동,데이터 관리부서,데이터관리 부서 전화번호
2020-03-05,1,,,,,,,,,,,,,,,,1, 서울특별시 용산구청 보건의료과 ,02-2199-4406
2020-03-06,0,,,,,,,,,,,,,,,,, 서울특별시 용산구청 보건의료과 ,02-2199-4406
2020-03-07,0,,,,,,,,,,,,,,,,, 서울특별시 용산구청 보건의료과 ,02-2199-4406
2020-03-08,0,,,,,,,,,,,,,,,,, 서울특별시 용산구청 보건의료과 ,02-2199-4406
2020-03-09,0,,,,,,,,,,,,,,,,, 서울특별시 용산구청 보건의료과 ,02-2199-4406
2020-03-10,0,,,,,,,,,,,,,,,,, 서울특별시 용산구청 보건의료과 ,02-2199-4406
2020-03-11,0,,,,,,,,,,,,,,,,, 서울특별시 용산구청 보건의료과 ,02-2199-4406
2020-03-12,1,,,,,,,,,,,,,,1,,, 서울특별시 용산구청 보건의료과 ,02-2199-4406
2020-03-13,0,,,,,,,,,,,,,,,,, 서울특별시 용산구청 보건의료과 ,02-2199-4406
2020-03-14,0,,,,,,,,,,,,,,,,, 서울특별시 용산구청 보건의료과 ,02-2199-4406
2020-03-15,0,,,,,,,,,,,,,,,,, 서울특별시 용산구청 보건의료과 ,02-2199-4406
2020-03-16,1,,,,1,,,,,,,,,,,,, 서울특별시 용산구청 보건의료과 ,02-2199-4406
2020-03-17,0,,,,,,,,,,,,,,,,, 서울특별시 용산구청 보건의료과 ,02-2199-4406
2020-03-18,1,1,,,,,,,,,,,,,,,, 서울특별시 용산구청 보건의료과 ,02-2199-4406
2020-03-19,1,1,,,,,,,,,,,,,,,, 서울특별시 용산구청 보건의료과 ,02-2199-4406
2020-03-20,0,,,,,,,,,,,,,,,,, 서울특별시 용산구청 보건의료과 ,02-2199-4406
2020-03-21,0,,,,,,,,,,,,,,,,, 서울특별시 용산구청 보건의료과 ,02-2199-4406
2020-03-22,0,,,,,,,,,,,,,,,,, 서울특별시 용산구청 보건의료과 ,02-2199-4406
2020-03-23,1,,,,,,,,,,1,,,,,,, 서울특별시 용산구청 보건의료과 ,02-2199-4406
2020-03-24,1,,,,,,,,,,,,,,1,,, 서울특별시 용산구청 보건의료과 ,02-2199-4406
2020-03-25,0,,,,,,,,,,,,,,,,, 서울특별시 용산구청 보건의료과 ,02-2199-4406
2020-03-26,1,,,,,,,,,,,,,,1,,, 서울특별시 용산구청 보건의료과 ,02-2199-4406
2020-03-27,0,,,,,,,,,,,,,,,,, 서울특별시 용산구청 보건의료과 ,02-2199-4406
2020-03-28,0,,,,,,,,,,,,,,,,, 서울특별시 용산구청 보건의료과 ,02-2199-4406
2020-03-29,0,,,,,,,,,,,,,,,,, 서울특별시 용산구청 보건의료과 ,02-2199-4406
2020-03-30,3,,,1,,,,,,2,,,,,,,, 서울특별시 용산구청 보건의료과 ,02-2199-4406
2020-03-31,1,,,,,,,,,1,,,,,,,, 서울특별시 용산구청 보건의료과 ,02-2199-4406
2020-04-01,0,,,,,,,,,,,,,,,,, 서울특별시 용산구청 보건의료과 ,02-2199-4406
2020-04-02,2,,,2,,,,,,,,,,,,,, 서울특별시 용산구청 보건의료과 ,02-2199-4406
2020-04-03,0,,,,,,,,,,,,,,,,, 서울특별시 용산구청 보건의료과 ,02-2199-4406
2020-04-04,1,,,,,,,,,,,,,,1,,, 서울특별시 용산구청 보건의료과 ,02-2199-4406
2020-04-05,2,,,,,,1,,1,,,,,,,,, 서울특별시 용산구청 보건의료과 ,02-2199-4406
2020-04-06,0,,,,,,,,,,,,,,,,, 서울특별시 용산구청 보건의료과 ,02-2199-4406
2020-04-07,0,,,,,,,,,,,,,,,,, 서울특별시 용산구청 보건의료과 ,02-2199-4406
2020-04-08,0,,,,,,,,,,,,,,,,, 서울특별시 용산구청 보건의료과 ,02-2199-4406
2020-04-09,0,,,,,,,,,,,,,,,,, 서울특별시 용산구청 보건의료과 ,02-2199-4406
2020-04-10,0,,,,,,,,,,,,,,,,, 서울특별시 용산구청 보건의료과 ,02-2199-4406
2020-04-11,0,,,,,,,,,,,,,,,,, 서울특별시 용산구청 보건의료과 ,02-2199-4406
2020-04-12,0,,,,,,,,,,,,,,,,, 서울특별시 용산구청 보건의료과 ,02-2199-4406
2020-04-13,0,,,,,,,,,,,,,,,,, 서울특별시 용산구청 보건의료과 ,02-2199-4406
2020-04-14,0,,,,,,,,,,,,,,,,, 서울특별시 용산구청 보건의료과 ,02-2199-4406
2020-04-15,0,,,,,,,,,,,,,,,,, 서울특별시 용산구청 보건의료과 ,02-2199-4406
2020-04-16,1,,,,,,,,,,,,,,1,,, 서울특별시 용산구청 보건의료과 ,02-2199-4406
2020-04-17,0,,,,,,,,,,,,,,,,, 서울특별시 용산구청 보건의료과 ,02-2199-4406
2020-04-18,0,,,,,,,,,,,,,,,,, 서울특별시 용산구청 보건의료과 ,02-2199-4406
2020-04-19,0,,,,,,,,,,,,,,,,, 서울특별시 용산구청 보건의료과 ,02-2199-4406
2020-04-20,0,,,,,,,,,,,,,,,,, 서울특별시 용산구청 보건의료과 ,02-2199-4406
2020-04-21,0,,,,,,,,,,,,,,,,, 서울특별시 용산구청 보건의료과 ,02-2199-4406
2020-04-22,0,,,,,,,,,,,,,,,,, 서울특별시 용산구청 보건의료과 ,02-2199-4406
2020-04-23,0,,,,,,,,,,,,,,,,, 서울특별시 용산구청 보건의료과 ,02-2199-4406
2020-04-24,0,,,,,,,,,,,,,,,,, 서울특별시 용산구청 보건의료과 ,02-2199-4406
2020-04-25,0,,,,,,,,,,,,,,,,, 서울특별시 용산구청 보건의료과 ,02-2199-4406
2020-04-26,0,,,,,,,,,,,,,,,,, 서울특별시 용산구청 보건의료과 ,02-2199-4406
2020-04-27,0,,,,,,,,,,,,,,,,, 서울특별시 용산구청 보건의료과 ,02-2199-4406
2020-04-28,0,,,,,,,,,,,,,,,,, 서울특별시 용산구청 보건의료과 ,02-2199-4406
2020-04-29,0,,,,,,,,,,,,,,,,, 서울특별시 용산구청 보건의료과 ,02-2199-4406
2020-04-30,0,,,,,,,,,,,,,,,,, 서울특별시 용산구청 보건의료과 ,02-2199-4406
2020-05-01,0,,,,,,,,,,,,,,,,, 서울특별시 용산구청 보건의료과 ,02-2199-4406
2020-05-02,1,,,,,,,,,,,,,,1,,, 서울특별시 용산구청 보건의료과 ,02-2199-4406
2020-05-03,0,,,,,,,,,,,,,,,,, 서울특별시 용산구청 보건의료과 ,02-2199-4406
2020-05-04,0,,,,,,,,,,,,,,,,, 서울특별시 용산구청 보건의료과 ,02-2199-4406
2020-05-05,0,,,,,,,,,,,,,,,,, 서울특별시 용산구청 보건의료과 ,02-2199-4406
2020-05-06,0,,,,,,,,,,,,,,,,, 서울특별시 용산구청 보건의료과 ,02-2199-4406
2020-05-07,0,,,,,,,,,,,,,,,,, 서울특별시 용산구청 보건의료과 ,02-2199-4406
2020-05-08,4,,,,,,,,,1,,,,3,,,, 서울특별시 용산구청 보건의료과 ,02-2199-4406
2020-05-09,4,,,,,,,,,1,,,,,,,3, 서울특별시 용산구청 보건의료과 ,02-2199-4406
2020-05-10,3,1,,,,,,,1,,,,,1,,,, 서울특별시 용산구청 보건의료과 ,02-2199-4406
2020-05-11,1,,,,,,,,,,,,,,,,1, 서울특별시 용산구청 보건의료과 ,02-2199-4406
2020-05-12,0,,,,,,,,,,,,,,,,, 서울특별시 용산구청 보건의료과 ,02-2199-4406
2020-05-13,0,,,,,,,,,,,,,,,,, 서울특별시 용산구청 보건의료과 ,02-2199-4406
2020-05-14,2,,,,,,,,,,,,,,,,2, 서울특별시 용산구청 보건의료과 ,02-2199-4406
2020-05-15,1,,,,,,,,,,,,,,1,,, 서울특별시 용산구청 보건의료과 ,02-2199-4406
2020-05-16,0,,,,,,,,,,,,,,,,, 서울특별시 용산구청 보건의료과 ,02-2199-4406
2020-05-17,0,,,,,,,,,,,,,,,,, 서울특별시 용산구청 보건의료과 ,02-2199-4406
2020-05-18,0,,,,,,,,,,,,,,,,, 서울특별시 용산구청 보건의료과 ,02-2199-4406
2020-05-19,4,,,,,,,,,,,,,,4,,, 서울특별시 용산구청 보건의료과 ,02-2199-4406
2020-05-20,0,,,,,,,,,,,,,,,,, 서울특별시 용산구청 보건의료과 ,02-2199-4406
2020-05-21,0,,,,,,,,,,,,,,,,, 서울특별시 용산구청 보건의료과 ,02-2199-4406
2020-05-22,0,,,,,,,,,,,,,,,,, 서울특별시 용산구청 보건의료과 ,02-2199-4406
2020-05-23,0,,,,,,,,,,,,,,,,, 서울특별시 용산구청 보건의료과 ,02-2199-4406
2020-05-24,0,,,,,,,,,,,,,,,,, 서울특별시 용산구청 보건의료과 ,02-2199-4406
2020-05-25,0,,,,,,,,,,,,,,,,, 서울특별시 용산구청 보건의료과 ,02-2199-4406
2020-05-26,0,,,,,,,,,,,,,,,,, 서울특별시 용산구청 보건의료과 ,02-2199-4406
2020-05-27,0,,,,,,,,,,,,,,,,, 서울특별시 용산구청 보건의료과 ,02-2199-4406
2020-05-28,0,,,,,,,,,,,,,,,,, 서울특별시 용산구청 보건의료과 ,02-2199-4406
2020-05-29,0,,,,,,,,,,,,,,,,, 서울특별시 용산구청 보건의료과 ,02-2199-4406
2020-05-30,0,,,,,,,,,,,,,,,,, 서울특별시 용산구청 보건의료과 ,02-2199-4406
2020-05-31,0,,,,,,,,,,,,,,,,, 서울특별시 용산구청 보건의료과 ,02-2199-4406
2020-06-01,0,,,,,,,,,,,,,,,,, 서울특별시 용산구청 보건의료과 ,02-2199-4406
2020-06-02,0,,,,,,,,,,,,,,,,, 서울특별시 용산구청 보건의료과 ,02-2199-4406
2020-06-03,1,,,,,,,1,,,,,,,,,, 서울특별시 용산구청 보건의료과 ,02-2199-4406
2020-06-04,1,,,,,,,1,,,,,,,,,, 서울특별시 용산구청 보건의료과 ,02-2199-4406
2020-06-05,2,,,,,,1,1,,,,,,,,,, 서울특별시 용산구청 보건의료과 ,02-2199-4406
2020-06-06,2,,,,1,,,1,,,,,,,,,, 서울특별시 용산구청 보건의료과 ,02-2199-4406
2020-06-07,0,,,,,,,,,,,,,,,,, 서울특별시 용산구청 보건의료과 ,02-2199-4406
2020-06-08,0,,,,,,,,,,,,,,,,, 서울특별시 용산구청 보건의료과 ,02-2199-4406
2020-06-09,0,,,,,,,,,,,,,,,,, 서울특별시 용산구청 보건의료과 ,02-2199-4406
2020-06-10,0,,,,,,,,,,,,,,,,, 서울특별시 용산구청 보건의료과 ,02-2199-4406
2020-06-11,0,,,,,,,,,,,,,,,,, 서울특별시 용산구청 보건의료과 ,02-2199-4406
2020-06-12,0,,,,,,,,,,,,,,,,, 서울특별시 용산구청 보건의료과 ,02-2199-4406
2020-06-13,1,1,,,,,,,,,,,,,,,, 서울특별시 용산구청 보건의료과 ,02-2199-4406
2020-06-14,1,,,,,,,,,1,,,,,,,, 서울특별시 용산구청 보건의료과 ,02-2199-4406
2020-06-15,2,,,,1,,,,,1,,,,,,,, 서울특별시 용산구청 보건의료과 ,02-2199-4406
2020-06-16,0,,,,,,,,,,,,,,,,, 서울특별시 용산구청 보건의료과 ,02-2199-4406
2020-06-17,0,,,,,,,,,,,,,,,,, 서울특별시 용산구청 보건의료과 ,02-2199-4406
2020-06-18,0,,,,,,,,,,,,,,,,, 서울특별시 용산구청 보건의료과 ,02-2199-4406
2020-06-19,0,,,,,,,,,,,,,,,,, 서울특별시 용산구청 보건의료과 ,02-2199-4406
2020-06-20,0,,,,,,,,,,,,,,,,, 서울특별시 용산구청 보건의료과 ,02-2199-4406
2020-06-21,0,,,,,,,,,,,,,,,,, 서울특별시 용산구청 보건의료과 ,02-2199-4406
2020-06-22,0,,,,,,,,,,,,,,,,, 서울특별시 용산구청 보건의료과 ,02-2199-4406
2020-06-23,0,,,,,,,,,,,,,,,,, 서울특별시 용산구청 보건의료과 ,02-2199-4406
2020-06-24,0,,,,,,,,,,,,,,,,, 서울특별시 용산구청 보건의료과 ,02-2199-4406
2020-06-25,0,,,,,,,,,,,,,,,,, 서울특별시 용산구청 보건의료과 ,02-2199-4406
2020-06-26,0,,,,,,,,,,,,,,,,, 서울특별시 용산구청 보건의료과 ,02-2199-4406
2020-06-27,1,,,,,,,,,,,,,,,1,, 서울특별시 용산구청 보건의료과 ,02-2199-4406
2020-06-28,1,,,,,1,,,,,,,,,,,, 서울특별시 용산구청 보건의료과 ,02-2199-4406
2020-06-29,0,,,,,,,,,,,,,,,,, 서울특별시 용산구청 보건의료과 ,02-2199-4406
2020-06-30,0,,,,,,,,,,,,,,,,, 서울특별시 용산구청 보건의료과 ,02-2199-4406
2020-07-01,0,,,,,,,,,,,,,,,,, 서울특별시 용산구청 보건의료과 ,02-2199-4406
2020-07-02,0,,,,,,,,,,,,,,,,, 서울특별시 용산구청 보건의료과 ,02-2199-4406
2020-07-03,1,,1,,,,,,,,,,,,,,, 서울특별시 용산구청 보건의료과 ,02-2199-4406
2020-07-04,0,,,,,,,,,,,,,,,,, 서울특별시 용산구청 보건의료과 ,02-2199-4406
2020-07-05,0,,,,,,,,,,,,,,,,, 서울특별시 용산구청 보건의료과 ,02-2199-4406
2020-07-06,0,,,,,,,,,,,,,,,,, 서울특별시 용산구청 보건의료과 ,02-2199-4406
2020-07-07,0,,,,,,,,,,,,,,,,, 서울특별시 용산구청 보건의료과 ,02-2199-4406
2020-07-08,0,,,,,,,,,,,,,,,,, 서울특별시 용산구청 보건의료과 ,02-2199-4406
2020-07-09,0,,,,,,,,,,,,,,,,, 서울특별시 용산구청 보건의료과 ,02-2199-4406
2020-07-10,1,,,,1,,,,,,,,,,,,, 서울특별시 용산구청 보건의료과 ,02-2199-4406
2020-07-11,0,,,,,,,,,,,,,,,,, 서울특별시 용산구청 보건의료과 ,02-2199-4406
2020-07-12,0,,,,,,,,,,,,,,,,, 서울특별시 용산구청 보건의료과 ,02-2199-4406
2020-07-13,0,,,,,,,,,,,,,,,,, 서울특별시 용산구청 보건의료과 ,02-2199-4406
2020-07-14,0,,,,,,,,,,,,,,,,, 서울특별시 용산구청 보건의료과 ,02-2199-4406
2020-07-15,0,,,,,,,,,,,,,,,,, 서울특별시 용산구청 보건의료과 ,02-2199-4406
2020-07-16,1,,,,,,1,,,,,,,,,,, 서울특별시 용산구청 보건의료과 ,02-2199-4406
2020-07-17,0,,,,,,,,,,,,,,,,, 서울특별시 용산구청 보건의료과 ,02-2199-4406
2020-07-18,0,,,,,,,,,,,,,,,,, 서울특별시 용산구청 보건의료과 ,02-2199-4406
2020-07-19,0,,,,,,,,,,,,,,,,, 서울특별시 용산구청 보건의료과 ,02-2199-4406
2020-07-20,0,,,,,,,,,,,,,,,,, 서울특별시 용산구청 보건의료과 ,02-2199-4406
2020-07-21,0,,,,,,,,,,,,,,,,, 서울특별시 용산구청 보건의료과 ,02-2199-4406
2020-07-22,0,,,,,,,,,,,,,,,,, 서울특별시 용산구청 보건의료과 ,02-2199-4406
2020-07-23,0,,,,,,,,,,,,,,,,, 서울특별시 용산구청 보건의료과 ,02-2199-4406
2020-07-24,0,,,,,,,,,,,,,,,,, 서울특별시 용산구청 보건의료과 ,02-2199-4406
2020-07-25,0,,,,,,,,,,,,,,,,, 서울특별시 용산구청 보건의료과 ,02-2199-4406
2020-07-26,1,1,,,,,,,,,,,,,,,, 서울특별시 용산구청 보건의료과 ,02-2199-4406
2020-07-27,0,,,,,,,,,,,,,,,,, 서울특별시 용산구청 보건의료과 ,02-2199-4406
2020-07-28,0,,,,,,,,,,,,,,,,, 서울특별시 용산구청 보건의료과 ,02-2199-4406
2020-07-29,0,,,,,,,,,,,,,,,,, 서울특별시 용산구청 보건의료과 ,02-2199-4406
2020-07-30,0,,,,,,,,,,,,,,,,, 서울특별시 용산구청 보건의료과 ,02-2199-4406
2020-07-31,0,,,,,,,,,,,,,,,,, 서울특별시 용산구청 보건의료과 ,02-2199-4406
2020-08-01,0,,,,,,,,,,,,,,,,, 서울특별시 용산구청 보건의료과 ,02-2199-4406
2020-08-02,1,,,,1,,,,,,,,,,,,, 서울특별시 용산구청 보건의료과 ,02-2199-4406
2020-08-03,0,,,,,,,,,,,,,,,,, 서울특별시 용산구청 보건의료과 ,02-2199-4406
2020-08-04,0,,,,,,,,,,,,,,,,, 서울특별시 용산구청 보건의료과 ,02-2199-4406
2020-08-05,2,,,,,,,,,,2,,,,,,, 서울특별시 용산구청 보건의료과 ,02-2199-4406
2020-08-06,2,,,,,,,,,,,,2,,,,, 서울특별시 용산구청 보건의료과 ,02-2199-4406
2020-08-07,1,,,,,,,,,,,,,,,1,, 서울특별시 용산구청 보건의료과 ,02-2199-4406
2020-08-08,0,,,,,,,,,,,,,,,,, 서울특별시 용산구청 보건의료과 ,02-2199-4406
2020-08-09,1,,1,,,,,,,,,,,,,,, 서울특별시 용산구청 보건의료과 ,02-2199-4406
2020-08-10,0,,,,,,,,,,,,,,,,, 서울특별시 용산구청 보건의료과 ,02-2199-4406
2020-08-11,0,,,,,,,,,,,,,,,,, 서울특별시 용산구청 보건의료과 ,02-2199-4406
2020-08-12,1,,,,,1,,,,,,,,,,,, 서울특별시 용산구청 보건의료과 ,02-2199-4406
2020-08-13,0,,,,,,,,,,,,,,,,, 서울특별시 용산구청 보건의료과 ,02-2199-4406
2020-08-14,1,,,,,,,,,,,,,,,1,, 서울특별시 용산구청 보건의료과 ,02-2199-4406
2020-08-15,4,,,,1,1,,,,,,,,,2,,, 서울특별시 용산구청 보건의료과 ,02-2199-4406
2020-08-16,3,,,,,2,,,,,1,,,,,,, 서울특별시 용산구청 보건의료과 ,02-2199-4406
2020-08-17,0,,,,,,,,,,,,,,,,, 서울특별시 용산구청 보건의료과 ,02-2199-4406
2020-08-18,3,,,1,,1,,,,1,,,,,,,, 서울특별시 용산구청 보건의료과 ,02-2199-4406
2020-08-19,1,,,,,,,,,,,,,,,,1, 서울특별시 용산구청 보건의료과 ,02-2199-4406
2020-08-20,2,,,,,,,,,1,,,,,,,1, 서울특별시 용산구청 보건의료과 ,02-2199-4406
2020-08-21,2,,,,,,,,,,1,,1,,,,, 서울특별시 용산구청 보건의료과 ,02-2199-4406
2020-08-22,3,1,1,,,,,,,1,,1,,,1,,, 서울특별시 용산구청 보건의료과 ,02-2199-4406
2020-08-23,5,,,1,,,1,,,2,,,,,1,,, 서울특별시 용산구청 보건의료과 ,02-2199-4406
2020-08-24,1,,,,,,,,,1,,,,,,,, 서울특별시 용산구청 보건의료과 ,02-2199-4406
2020-08-25,3,,1,1,,,,,,1,,,,,,,, 서울특별시 용산구청 보건의료과 ,02-2199-4406
2020-08-26,3,1,,,1,,,,,1,,,,,1,1,, 서울특별시 용산구청 보건의료과 ,02-2199-4406
2020-08-27,4,,,,,,2,,,,,,,,,,, 서울특별시 용산구청 보건의료과 ,02-2199-4406
2020-08-28,1,,,,,,,,,,,,,,1,,, 서울특별시 용산구청 보건의료과 ,02-2199-4406
2020-08-29,0,,,,,,,,,,,,,,,,, 서울특별시 용산구청 보건의료과 ,02-2199-4406
2020-08-30,0,,,,,,,,,,,,,,,,, 서울특별시 용산구청 보건의료과 ,02-2199-4406
2020-08-31,1,,,,,,,,,,1,,,,,,, 서울특별시 용산구청 보건의료과 ,02-2199-4406
2020-09-01,2,,,,,,,,1,,1,,,,,,, 서울특별시 용산구청 보건의료과 ,02-2199-4406
2020-09-02,0,,,,,,,,,,,,,,,,, 서울특별시 용산구청 보건의료과 ,02-2199-4406
2020-09-03,2,,,,,,,,1,,1,,,,,,, 서울특별시 용산구청 보건의료과 ,02-2199-4406
2020-09-04,2,,,,,,,,,1,1,,,,,,, 서울특별시 용산구청 보건의료과 ,02-2199-4406
2020-09-05,0,,,,,,,,,,,,,,,,, 서울특별시 용산구청 보건의료과 ,02-2199-4406
2020-09-06,0,,,,,,,,,,,,,,,,, 서울특별시 용산구청 보건의료과 ,02-2199-4406
2020-09-07,1,1,,,,,,,,,1,,,,,,, 서울특별시 용산구청 보건의료과 ,02-2199-4406
2020-09-08,0,,,,,,,,,,,,,,,,, 서울특별시 용산구청 보건의료과 ,02-2199-4406
2020-09-09,1,,,,,,,,,,1,,,,,,, 서울특별시 용산구청 보건의료과 ,02-2199-4406
2020-09-10,1,,,,,,,,,,,,,1,,,, 서울특별시 용산구청 보건의료과 ,02-2199-4406
2020-09-11,1,1,,,,,,,,,,,,,,,, 서울특별시 용산구청 보건의료과 ,02-2199-4406
2020-09-12,0,,,,,,,,,,,,,,,,, 서울특별시 용산구청 보건의료과 ,02-2199-4406
2020-09-13,0,,,,,,,,,,,,,,,,, 서울특별시 용산구청 보건의료과 ,02-2199-4406
2020-09-14,0,,,,,,,,,,,,,,,,, 서울특별시 용산구청 보건의료과 ,02-2199-4406
2020-09-15,0,,,,,,,,,,,,,,,,, 서울특별시 용산구청 보건의료과 ,02-2199-4406
2020-09-16,2,,,,,,2,,,,,,,,,,, 서울특별시 용산구청 보건의료과 ,02-2199-4406
2020-09-17,0,,,,,,,,,,,,,,,,, 서울특별시 용산구청 보건의료과 ,02-2199-4406
2020-09-18,0,,,,,,,,,,,,,,,,, 서울특별시 용산구청 보건의료과 ,02-2199-4406
2020-09-19,0,,,,,,,,,,,,,,,,, 서울특별시 용산구청 보건의료과 ,02-2199-4406
2020-09-20,0,,,,,,,,,,,,,,,,, 서울특별시 용산구청 보건의료과 ,02-2199-4406
2020-09-21,0,,,,,,,,,,,,,,,,, 서울특별시 용산구청 보건의료과 ,02-2199-4406
2020-09-22,0,,,,,,,,,,,,,,,,, 서울특별시 용산구청 보건의료과 ,02-2199-4406
2020-09-23,2,,,1,,,,,,,1,,,,,,, 서울특별시 용산구청 보건의료과 ,02-2199-4406
2020-09-24,1,,,,,,,,,,,,1,,,,, 서울특별시 용산구청 보건의료과 ,02-2199-4406
2020-09-25,0,,,,,,,,,,,,,,,,, 서울특별시 용산구청 보건의료과 ,02-2199-4406
2020-09-26,2,1,,,,,,,,,1,,,,,,, 서울특별시 용산구청 보건의료과 ,02-2199-4406
2020-09-27,2,,1,,,,,,,,1,,,,,,, 서울특별시 용산구청 보건의료과 ,02-2199-4406
2020-09-28,0,,,,,,,,,,,,,,,,, 서울특별시 용산구청 보건의료과 ,02-2199-4406
2020-09-29,2,,,,1,,,,,1,,,,,,,, 서울특별시 용산구청 보건의료과 ,02-2199-4406
2020-09-30,1,,,,,1,,,,,,,,,,,, 서울특별시 용산구청 보건의료과 ,02-2199-4406
2020-10-01,0,,,,,,,,,,,,,,,,, 서울특별시 용산구청 보건의료과 ,02-2199-4406
2020-10-02,0,,,,,,,,,,,,,,,,, 서울특별시 용산구청 보건의료과 ,02-2199-4406
2020-10-03,1,,,1,,,,,,,,,,,,,, 서울특별시 용산구청 보건의료과 ,02-2199-4406
2020-10-04,0,,,,,,,,,,,,,,,,, 서울특별시 용산구청 보건의료과 ,02-2199-4406
2020-10-05,1,,,,,1,,,,,,,,,,,, 서울특별시 용산구청 보건의료과 ,02-2199-4406
2020-10-06,1,,,,,,,,,,,,,,1,,, 서울특별시 용산구청 보건의료과 ,02-2199-4406
2020-10-07,1,,,,,,,,,1,,,,,,,, 서울특별시 용산구청 보건의료과 ,02-2199-4406
2020-10-08,0,,,,,,,,,,,,,,,,, 서울특별시 용산구청 보건의료과 ,02-2199-4406
2020-10-09,1,,,,,,,,,1,,,,,,,, 서울특별시 용산구청 보건의료과 ,02-2199-4406
2020-10-10,1,,,,,,,,,,,,1,,,,, 서울특별시 용산구청 보건의료과 ,02-2199-4406
2020-10-11,4,,,,,1,,,,,,,3,,,,, 서울특별시 용산구청 보건의료과 ,02-2199-4406
2020-10-12,1,,,,,1,,,,,,,,,,,, 서울특별시 용산구청 보건의료과 ,02-2199-4406
2020-10-13,0,,,,,,,,,,,,,,,,, 서울특별시 용산구청 보건의료과 ,02-2199-4406
2020-10-14,1,,,,,,,,,,,,,,,,1, 서울특별시 용산구청 보건의료과 ,02-2199-4406
2020-10-15,1,,,,,,,,,,,,,,1,,, 서울특별시 용산구청 보건의료과 ,02-2199-4406
2020-10-16,0,,,,,,,,,,,,,,,,, 서울특별시 용산구청 보건의료과 ,02-2199-4406
2020-10-17,0,,,,,,,,,,,,,,,,, 서울특별시 용산구청 보건의료과 ,02-2199-4406
2020-10-18,3,,,,,,,,,,,,,,2,1,, 서울특별시 용산구청 보건의료과 ,02-2199-4406
2020-10-19,1,,,,,1,,,,,,,,,,,, 서울특별시 용산구청 보건의료과 ,02-2199-4406
2020-10-20,0,,,,,,,,,,,,,,,,, 서울특별시 용산구청 보건의료과 ,02-2199-4406
2020-10-21,0,,,,,,,,,,,,,,,,, 서울특별시 용산구청 보건의료과 ,02-2199-4406
2020-10-22,0,,,,,,,,,,,,,,,,, 서울특별시 용산구청 보건의료과 ,02-2199-4406
2020-10-23,2,,,,,,,,,,,,,,2,,, 서울특별시 용산구청 보건의료과 ,02-2199-4406
2020-10-24,0,,,,,,,,,,,,,,,,, 서울특별시 용산구청 보건의료과 ,02-2199-4406
2020-10-25,0,,,,,,,,,,,,,,,,, 서울특별시 용산구청 보건의료과 ,02-2199-4406
2020-10-26,0,,,,,,,,,,,,,,,,, 서울특별시 용산구청 보건의료과 ,02-2199-4406
2020-10-27,0,,,,,,,,,,,,,,,,, 서울특별시 용산구청 보건의료과 ,02-2199-4406
2020-10-28,1,,,,,1,,,,,,,,,,,, 서울특별시 용산구청 보건의료과 ,02-2199-4406
2020-10-29,0,,,,,,,,,,,,,,,,, 서울특별시 용산구청 보건의료과 ,02-2199-4406
2020-10-30,0,,,,,,,,,,,,,,,,, 서울특별시 용산구청 보건의료과 ,02-2199-4406
2020-10-31,1,,,,,,,,,,,,,,,1,, 서울특별시 용산구청 보건의료과 ,02-2199-4406
2020-11-01,2,,,,,,,,,1,,,1,,,,, 서울특별시 용산구청 보건의료과 ,02-2199-4406
2020-11-02,1,,,,,,,,,,,,1,,,,, 서울특별시 용산구청 보건의료과 ,02-2199-4406
2020-11-03,1,,,,,,,,,,,,,,1,,, 서울특별시 용산구청 보건의료과 ,02-2199-4406
2020-11-04,1,,,,,1,,,,,,,,,,,, 서울특별시 용산구청 보건의료과 ,02-2199-4406
2020-11-05,1,1,,,,,,,,,,,,,,,, 서울특별시 용산구청 보건의료과 ,02-2199-4406
2020-11-06,0,,,,,,,,,,,,,,,,, 서울특별시 용산구청 보건의료과 ,02-2199-4406
2020-11-07,0,,,,,,,,,,,,,,,,, 서울특별시 용산구청 보건의료과 ,02-2199-4406
2020-11-08,8,,,1,2,,,,,,1,,,,2,,2, 서울특별시 용산구청 보건의료과 ,02-2199-4406
2020-11-09,0,,,,,,,,,,,,,,,,, 서울특별시 용산구청 보건의료과 ,02-2199-4406
2020-11-10,2,,,,,,1,,,1,,,,,,,, 서울특별시 용산구청 보건의료과 ,02-2199-4406
2020-11-11,3,,,,,,,,,,,,,,1,3,, 서울특별시 용산구청 보건의료과 ,02-2199-4406
2020-11-12,3,,,,,,,,,,,,,,,3,, 서울특별시 용산구청 보건의료과 ,02-2199-4406
2020-11-13,1,,,,,1,,,,,,,,,,,, 서울특별시 용산구청 보건의료과 ,02-2199-4406
2020-11-14,1,,,,,1,,,,,,,,,,,, 서울특별시 용산구청 보건의료과 ,02-2199-4406
2020-11-15,0,,,,,,,,,,,,,,,,, 서울특별시 용산구청 보건의료과 ,02-2199-4406
2020-11-16,0,,,,,,,,,,,,,,,,, 서울특별시 용산구청 보건의료과 ,02-2199-4406
2020-11-17,1,,,,,,,,,1,,,,,,,, 서울특별시 용산구청 보건의료과 ,02-2199-4406
2020-11-18,1,1,,,,,,,,,,,,,,,, 서울특별시 용산구청 보건의료과 ,02-2199-4406
2020-11-19,6,,,,1,2,,,,,,,1,,1,,1, 서울특별시 용산구청 보건의료과 ,02-2199-4406
2020-11-20,4,,,,1,1,,,,1,,,,,,,1, 서울특별시 용산구청 보건의료과 ,02-2199-4406
2020-11-21,1,,,1,,,,,,,,,,,,,, 서울특별시 용산구청 보건의료과 ,02-2199-4406
2020-11-22,2,,,,,,,,2,,,,,,,,, 서울특별시 용산구청 보건의료과 ,02-2199-4406
2020-11-23,10,3,1,,,,,2,,,,,2,1,1,,, 서울특별시 용산구청 보건의료과 ,02-2199-4406
2020-11-24,7,,,1,,1,,,,,,,,,5,,, 서울특별시 용산구청 보건의료과 ,02-2199-4406
2020-11-25,2,1,1,,,,,,,1,,,,,1,,, 서울특별시 용산구청 보건의료과 ,02-2199-4406
2020-11-26,6,,,,,1,,1,,1,,,,,1,2,, 서울특별시 용산구청 보건의료과 ,02-2199-4406
2020-11-27,7,,1,,1,3,,1,,1,,,,,,,, 서울특별시 용산구청 보건의료과 ,02-2199-4406
2020-11-28,2,1,,,,,,,,1,,,,,,,, 서울특별시 용산구청 보건의료과 ,02-2199-4406
2020-11-29,4,2,,,,1,,,,1,,,,,,,, 서울특별시 용산구청 보건의료과 ,02-2199-4406
2020-11-30,3,,,,,1,,,,,1,,1,,,,, 서울특별시 용산구청 보건의료과 ,02-2199-4406
2020-12-01,8,,,,,,,,,2,,,2,1,1,1,1, 서울특별시 용산구청 보건의료과 ,02-2199-4406
2020-12-02,8,,,,,,,,1,,,,1,,3,1,2, 서울특별시 용산구청 보건의료과 ,02-2199-4406
2020-12-03,5,,,,1,,,1,,,1,,1,,1,,, 서울특별시 용산구청 보건의료과 ,02-2199-4406
2020-12-04,8,,,,1,1,,2,,,,,1,,3,,, 서울특별시 용산구청 보건의료과 ,02-2199-4406
2020-12-05,10,,,,1,,,,,,,,,,5,3,1, 서울특별시 용산구청 보건의료과 ,02-2199-4406
2020-12-06,9,2,,,,1,,1,,,1,,2,,,1,1, 서울특별시 용산구청 보건의료과 ,02-2199-4406
2020-12-07,3,1,,,,,,,,,,,1,,1,,, 서울특별시 용산구청 보건의료과 ,02-2199-4406
2020-12-08,5,2,,,,,,,,,,,1,,1,,1, 서울특별시 용산구청 보건의료과 ,02-2199-4406
2020-12-09,6,1,,,,1,,1,,1,1,1,,,,,, 서울특별시 용산구청 보건의료과 ,02-2199-4406
2020-12-10,9,1,1,,1,2,2,,,,,,,1,,,1, 서울특별시 용산구청 보건의료과 ,02-2199-4406
2020-12-11,4,1,,,,,,1,,1,,,1,,,,, 서울특별시 용산구청 보건의료과 ,02-2199-4406
2020-12-12,8,1,,,2,,,1,,2,1,,,,1,,, 서울특별시 용산구청 보건의료과 ,02-2199-4406
2020-12-13,4,,,,1,,,1,,1,,,,,,1,, 서울특별시 용산구청 보건의료과 ,02-2199-4406
2020-12-14,2,,,,1,,,,,,,,,1,,,, 서울특별시 용산구청 보건의료과 ,02-2199-4406
2020-12-15,5,,,,2,,,,,,,,,,,,3, 서울특별시 용산구청 보건의료과 ,02-2199-4406
2020-12-16,11,,,,4,1,,,,,,1,,,1,1,3, 서울특별시 용산구청 보건의료과 ,02-2199-4406
2020-12-17,1,,,,,,,,1,,,,,,,,, 서울특별시 용산구청 보건의료과 ,02-2199-4406
2020-12-18,7,,,,,,1,1,,,,,,,2,3,, 서울특별시 용산구청 보건의료과 ,02-2199-4406
2020-12-19,5,,1,,,,2,,,1,,,,,,,1, 서울특별시 용산구청 보건의료과 ,02-2199-4406
2020-12-20,6,,,,2,1,,1,1,,,,,,,,1, 서울특별시 용산구청 보건의료과 ,02-2199-4406
2020-12-21,9,,1,,1,4,,,2,,,1,,,,,, 서울특별시 용산구청 보건의료과 ,02-2199-4406
2020-12-22,6,,,,,1,1,,1,,,,,,1,1,1, 서울특별시 용산구청 보건의료과 ,02-2199-4406
2020-12-23,12,1,1,1,,,,,,1,,2,,,1,,5, 서울특별시 용산구청 보건의료과 ,02-2199-4406
2020-12-24,13,,,1,4,,1,,1,1,,1,,,,,4, 서울특별시 용산구청 보건의료과 ,02-2199-4406
2020-12-25,10,,,1,4,1,1,,,1,1,,1,,,,, 서울특별시 용산구청 보건의료과 ,02-2199-4406
2020-12-26,5,,,1,2,,,,1,,,,,,1,,, 서울특별시 용산구청 보건의료과 ,02-2199-4406
2020-12-27,5,,,,2,,1,,,,,,,,,,2, 서울특별시 용산구청 보건의료과 ,02-2199-4406
2020-12-28,2,,,,,,,,,1,,,,1,,,, 서울특별시 용산구청 보건의료과 ,02-2199-4406
2020-12-29,8,,,1,4,,,,,1,,,,,2,,, 서울특별시 용산구청 보건의료과 ,02-2199-4406
2020-12-30,1,,,,,,,,,,,,,,1,,, 서울특별시 용산구청 보건의료과 ,02-2199-4406
2020-12-31,2,,,,1,,,,,,,,,,1,,, 서울특별시 용산구청 보건의료과 ,02-2199-4406
2021-01-01,7,1,,1,3,,,,,1,,,,1,,,, 서울특별시 용산구청 보건의료과 ,02-2199-4406
2021-01-02,3,,,1,,,,,,,1,,,,1,,, 서울특별시 용산구청 보건의료과 ,02-2199-4406
2021-01-03,0,,,,,,,,,,,,,,,,, 서울특별시 용산구청 보건의료과 ,02-2199-4406
2021-01-04,4,1,,,,,,,,,,,1,,2,,, 서울특별시 용산구청 보건의료과 ,02-2199-4406
2021-01-05,5,,,,,,,,,1,2,1,,,1,,, 서울특별시 용산구청 보건의료과 ,02-2199-4406
2021-01-06,2,,,,,,,,,,1,,,,1,,, 서울특별시 용산구청 보건의료과 ,02-2199-4406
2021-01-07,9,,1,1,,,1,2,,1,,1,,,2,,, 서울특별시 용산구청 보건의료과 ,02-2199-4406
2021-01-08,2,,1,,,,1,,,,,,,,,,, 서울특별시 용산구청 보건의료과 ,02-2199-4406
2021-01-09,1,,,,,,,,,,,1,,,,,, 서울특별시 용산구청 보건의료과 ,02-2199-4406
2021-01-10,2,,1,,,,1,,,,,,,,,,, 서울특별시 용산구청 보건의료과 ,02-2199-4406
2021-01-11,3,,,,1,,,,,1,1,,,,,,, 서울특별시 용산구청 보건의료과 ,02-2199-4406
2021-01-12,1,,,,,,,1,,,,,,,,,, 서울특별시 용산구청 보건의료과 ,02-2199-4406
2021-01-13,10,,,,,1,1,2,1,1,,,,3,1,,, 서울특별시 용산구청 보건의료과 ,02-2199-4406
2021-01-14,5,,,,,1,,,,,1,,,2,,,1, 서울특별시 용산구청 보건의료과 ,02-2199-4406
2021-01-15,6,,1,,,,1,,,1,1,,,1,,1,, 서울특별시 용산구청 보건의료과 ,02-2199-4406
2021-01-16,2,,,,,1,,,,,,,,,1,,, 서울특별시 용산구청 보건의료과 ,02-2199-4406
2021-01-17,3,,,,1,2,,,,,,,1,,,,, 서울특별시 용산구청 보건의료과 ,02-2199-4406
2021-01-18,5,,1,,3,,,,,,,,,,,,, 서울특별시 용산구청 보건의료과 ,02-2199-4406
2021-01-19,3,,,,1,,,,,,,,1,,1,,, 서울특별시 용산구청 보건의료과 ,02-2199-4406
2021-01-20,4,,,1,1,1,,,,,,,,,1,,, 서울특별시 용산구청 보건의료과 ,02-2199-4406
2021-01-21,0,,,,,,,,,,,,,,,,, 서울특별시 용산구청 보건의료과 ,02-2199-4406
2021-01-22,2,,,,,1,1,,,,,,,,,,, 서울특별시 용산구청 보건의료과 ,02-2199-4406
2021-01-23,5,1,,1,,,,,,2,,,,,1,,, 서울특별시 용산구청 보건의료과 ,02-2199-4406
2021-01-24,1,,,,,,,,,,,,,1,,,, 서울특별시 용산구청 보건의료과 ,02-2199-4406
2021-01-25,2,1,,,,1,,,,,,,,,,,, 서울특별시 용산구청 보건의료과 ,02-2199-4406
2021-01-26,5,1,,,,,,,,,3,,1,,,,, 서울특별시 용산구청 보건의료과 ,02-2199-4406
2021-01-27,3,,,2,1,,,,,,,,,,,,, 서울특별시 용산구청 보건의료과 ,02-2199-4406
2021-01-28,3,,,1,,,,,,1,,,,,,,1, 서울특별시 용산구청 보건의료과 ,02-2199-4406
2021-01-29,3,,,,,,,,,,,,1,,,,2, 서울특별시 용산구청 보건의료과 ,02-2199-4406
2021-01-30,5,,1,1,,,,,,,,,,,1,1,1, 서울특별시 용산구청 보건의료과 ,02-2199-4406
2021-01-31,4,,,1,3,,,,,,,,,,,,, 서울특별시 용산구청 보건의료과 ,02-2199-4406
2021-02-01,6,1,,1,,,,,,,3,,,,1,,, 서울특별시 용산구청 보건의료과 ,02-2199-4406
2021-02-02,4,,,1,,,,,,,1,,,1,1,,, 서울특별시 용산구청 보건의료과 ,02-2199-4406
2021-02-03,7,,,1,,,,,,,,,2,1,1,1,, 서울특별시 용산구청 보건의료과 ,02-2199-4406
2021-02-04,9,,,1,,1,,,,,,,3,,3,,1, 서울특별시 용산구청 보건의료과 ,02-2199-4406
2021-02-05,8,,1,1,,1,,,,,,,2,,,1,2, 서울특별시 용산구청 보건의료과 ,02-2199-4406
2021-02-06,9,,2,1,,,,,,,,,,,1,,5, 서울특별시 용산구청 보건의료과 ,02-2199-4406
2021-02-07,7,,1,,,,,,,,,,,,3,,3, 서울특별시 용산구청 보건의료과 ,02-2199-4406
2021-02-08,5,,1,,,1,,,,,,,,,,,3, 서울특별시 용산구청 보건의료과 ,02-2199-4406
2021-02-09,14,,2,,2,1,,,,,,,,3,3,,3, 서울특별시 용산구청 보건의료과 ,02-2199-4406
2021-02-10,8,,1,,,,1,,,2,,,1,,,1,3, 서울특별시 용산구청 보건의료과 ,02-2199-4406
2021-02-11,5,1,1,,,,,,,,,,2,,,,1, 서울특별시 용산구청 보건의료과 ,02-2199-4406
2021-02-12,7,,1,,,,,,,,,,,1,1,,4, 서울특별시 용산구청 보건의료과 ,02-2199-4406
2021-02-13,14,1,2,,,,,,,,,,1,4,2,,4, 서울특별시 용산구청 보건의료과 ,02-2199-4406
2021-02-14,14,,3,,,,,,,1,,1,2,,3,,4, 서울특별시 용산구청 보건의료과 ,02-2199-4406
2021-02-15,14,1,,2,,4,,,1,,,,2,1,2,,1, 서울특별시 용산구청 보건의료과 ,02-2199-4406
2021-02-16,30,3,7,3,1,1,1,,,,1,,2,6,3,,2, 서울특별시 용산구청 보건의료과 ,02-2199-4406
2021-02-17,14,,,1,,,,,1,2,,,1,4,2,,3, 서울특별시 용산구청 보건의료과 ,02-2199-4406
2021-02-18,10,,1,,,,,,2,,,,2,,3,1,1, 서울특별시 용산구청 보건의료과 ,02-2199-4406
2021-02-19,10,,1,,,,,,,1,1,,3,1,,,3, 서울특별시 용산구청 보건의료과 ,02-2199-4406
2021-02-20,5,,1,,,,,,,,,1,1,,,1,1, 서울특별시 용산구청 보건의료과 ,02-2199-4406
2021-02-21,4,,,,,,,,,,,1,,,,,3, 서울특별시 용산구청 보건의료과 ,02-2199-4406
2021-02-22,6,,,1,,,,,,1,,,,,3,,1, 서울특별시 용산구청 보건의료과 ,02-2199-4406
2021-02-23,6,,,,,1,,,,,,,,2,1,,2, 서울특별시 용산구청 보건의료과 ,02-2199-4406
2021-02-24,8,,1,,,,,,,2,,1,,,,3,1, 서울특별시 용산구청 보건의료과 ,02-2199-4406
2021-02-25,8,,,,1,,,1,,1,1,1,1,,,1,1, 서울특별시 용산구청 보건의료과 ,02-2199-4406
2021-02-26,7,,3,,2,,,,,,,,,,,1,1, 서울특별시 용산구청 보건의료과 ,02-2199-4406
2021-02-27,5,1,1,,,,,,,1,,,,,1,1,, 서울특별시 용산구청 보건의료과 ,02-2199-4406
2021-02-28,5,,2,,2,,,,,,,,,,1,,, 서울특별시 용산구청 보건의료과 ,02-2199-4406
2021-03-01,4,,1,,,,,,,,,,,1,1,,1, 서울특별시 용산구청 보건의료과 ,02-2199-4406
2021-03-02,0,,,,,,,,,,,,,,,,, 서울특별시 용산구청 보건의료과 ,02-2199-4406
2021-03-03,3,,2,,,,,,1,,,,,,,,, 서울특별시 용산구청 보건의료과 ,02-2199-4406
2021-03-04,1,,,,,,,,1,,,,,,,,, 서울특별시 용산구청 보건의료과 ,02-2199-4406
2021-03-05,1,,,,,,,,,1,,,,,,,, 서울특별시 용산구청 보건의료과 ,02-2199-4406
2021-03-06,3,,,,,,,,,,1,,1,,1,,, 서울특별시 용산구청 보건의료과 ,02-2199-4406
2021-03-07,1,,,,1,,,,,,,,,,,,, 서울특별시 용산구청 보건의료과 ,02-2199-4406
2021-03-08,10,,1,,,,,,,,,1,2,,3,1,2, 서울특별시 용산구청 보건의료과 ,02-2199-4406
2021-03-09,9,,,,1,1,,1,,,,,1,,1,,4, 서울특별시 용산구청 보건의료과 ,02-2199-4406
2021-03-10,5,1,2,,,,,,,1,,,,,1,,, 서울특별시 용산구청 보건의료과 ,02-2199-4406
2021-03-11,1,,,,,,,,,,,,,,1,,, 서울특별시 용산구청 보건의료과 ,02-2199-4406
2021-03-12,7,3,,,1,,,,,1,,,,,2,,, 서울특별시 용산구청 보건의료과 ,02-2199-4406
2021-03-13,6,2,,,,1,,,1,,1,,,,,1,, 서울특별시 용산구청 보건의료과 ,02-2199-4406
2021-03-14,4,,1,,,,,,,,1,,,1,,,1, 서울특별시 용산구청 보건의료과 ,02-2199-4406
2021-03-15,4,,,,,1,,,,1,,,1,1,,,, 서울특별시 용산구청 보건의료과 ,02-2199-4406
2021-03-16,8,1,1,,,,,,,1,2,,,1,2,,, 서울특별시 용산구청 보건의료과 ,02-2199-4406
2021-03-17,7,1,,,,,,,,,1,,,1,3,,1, 서울특별시 용산구청 보건의료과 ,02-2199-4406
2021-03-18,1,,,,,,,,,,,,,1,,,, 서울특별시 용산구청 보건의료과 ,02-2199-4406
2021-03-19,9,,1,,,,,,,,,,,5,,,3, 서울특별시 용산구청 보건의료과 ,02-2199-4406
2021-03-20,6,,,,,,,,,1,,,,3,1,,1, 서울특별시 용산구청 보건의료과 ,02-2199-4406
2021-03-21,7,1,,,,,,,,3,1,,1,1,,,, 서울특별시 용산구청 보건의료과 ,02-2199-4406
2021-03-22,3,,,,,1,,,,,,,,1,,,1, 서울특별시 용산구청 보건의료과 ,02-2199-4406
2021-03-23,3,,,,,1,,,,,,,1,,,,1, 서울특별시 용산구청 보건의료과 ,02-2199-4406
2021-03-24,1,,,,,,,,1,,,,,,,,, 서울특별시 용산구청 보건의료과 ,02-2199-4406
2021-03-25,3,,,1,,,,,,,,,,1,,,1, 서울특별시 용산구청 보건의료과 ,02-2199-4406
2021-03-26,2,,,,,,,,,2,,,,,,,, 서울특별시 용산구청 보건의료과 ,02-2199-4406
2021-03-27,3,,,,,1,,,,1,,,1,,,,, 서울특별시 용산구청 보건의료과 ,02-2199-4406
2021-03-28,2,,1,,,,,,,1,,,,,,,, 서울특별시 용산구청 보건의료과 ,02-2199-4406
2021-03-29,1,,,,,,,,,1,,,,,,,, 서울특별시 용산구청 보건의료과 ,02-2199-4406
2021-03-30,6,2,,,1,,,,,1,,,,,2,,, 서울특별시 용산구청 보건의료과 ,02-2199-4406
2021-03-31,4,,,,,,,,,,1,,,1,,2,, 서울특별시 용산구청 보건의료과 ,02-2199-4406
2021-04-01,8,,2,1,,,1,,,1,,,,2,,,1, 서울특별시 용산구청 보건의료과 ,02-2199-4406
2021-04-02,3,,,,,1,,,1,,,,1,,,,, 서울특별시 용산구청 보건의료과 ,02-2199-4406
2021-04-03,1,,,,1,,,,,,1,,,,,,, 서울특별시 용산구청 보건의료과 ,02-2199-4406
2021-04-04,2,,,,,1,,,,1,,,,,,,, 서울특별시 용산구청 보건의료과 ,02-2199-4406
2021-04-05,3,,,,,,,,,,,,,,,,, 서울특별시 용산구청 보건의료과 ,02-2199-4406
2021-04-06,1,,,,1,,,,,1,,,,,,,1, 서울특별시 용산구청 보건의료과 ,02-2199-4406
2021-04-07,1,,,,,1,,,,,,,,,,,, 서울특별시 용산구청 보건의료과 ,02-2199-4406
2021-04-08,4,,2,,,,,1,,,,,,,1,,, 서울특별시 용산구청 보건의료과 ,02-2199-4406
2021-04-09,4,,,,,,,1,2,,,,,,1,,, 서울특별시 용산구청 보건의료과 ,02-2199-4406
2021-04-10,7,,,,,,5,,,,,,,,1,,1, 서울특별시 용산구청 보건의료과 ,02-2199-4406
2021-04-11,3,,,,,,,,,,,,,1,2,,, 서울특별시 용산구청 보건의료과 ,02-2199-4406
2021-04-12,4,,,,1,,,1,,,,,,,,,2, 서울특별시 용산구청 보건의료과 ,02-2199-4406
2021-04-13,4,,,,,,,1,1,,,,2,,,,, 서울특별시 용산구청 보건의료과 ,02-2199-4406
2021-04-14,2,,,,,,,,,1,,1,,,,,, 서울특별시 용산구청 보건의료과 ,02-2199-4406
2021-04-15,3,,,,1,,,1,,,,1,,,,,, 서울특별시 용산구청 보건의료과 ,02-2199-4406
2021-04-16,3,,,,1,1,,,,,1,,,,,,, 서울특별시 용산구청 보건의료과 ,02-2199-4406
2021-04-17,3,,,,,,,1,,,,2,,,,,, 서울특별시 용산구청 보건의료과 ,02-2199-4406
2021-04-18,3,,,,,,,1,,,,2,,,,,, 서울특별시 용산구청 보건의료과 ,02-2199-4406
2021-04-19,1,,,,1,,,,,,,,,,,,, 서울특별시 용산구청 보건의료과 ,02-2199-4406
2021-04-20,4,,,,,,,1,,1,,,,1,1,,, 서울특별시 용산구청 보건의료과 ,02-2199-4406
2021-04-21,2,,1,,,,,,,,,,,,,,1, 서울특별시 용산구청 보건의료과 ,02-2199-4406
2021-04-22,3,,1,,,,,,,1,,,,,,,1, 서울특별시 용산구청 보건의료과 ,02-2199-4406
2021-04-23,4,,,,,,,,,2,,,,,1,1,, 서울특별시 용산구청 보건의료과 ,02-2199-4406
2021-04-24,4,1,,,,,,,,1,,1,,,,1,, 서울특별시 용산구청 보건의료과 ,02-2199-4406
2021-04-25,5,,,,,,,,2,,1,,1,1,,,, 서울특별시 용산구청 보건의료과 ,02-2199-4406
2021-04-26,2,,,,,,,,,2,,,,,,,, 서울특별시 용산구청 보건의료과 ,02-2199-4406
2021-04-27,5,,,,,,,,,2,,,,,1,2,, 서울특별시 용산구청 보건의료과 ,02-2199-4406
2021-04-28,8,,,,,,,,,1,1,,,,3,2,1, 서울특별시 용산구청 보건의료과 ,02-2199-4406
2021-04-29,6,,1,1,1,,,,,2,,,,1,,,, 서울특별시 용산구청 보건의료과 ,02-2199-4406
2021-04-30,8,,,1,1,,,,,2,,,2,,2,,, 서울특별시 용산구청 보건의료과 ,02-2199-4406
2021-05-01,6,,1,,,,,,,2,,,2,,1,,, 서울특별시 용산구청 보건의료과 ,02-2199-4406
2021-05-02,4,,1,2,,,,,,,,,,,1,,, 서울특별시 용산구청 보건의료과 ,02-2199-4406
2021-05-03,4,,,,1,,,,,1,,,,1,,1,, 서울특별시 용산구청 보건의료과 ,02-2199-4406
2021-05-04,9,2,,,,,,,,,2,,2,,2,1,, 서울특별시 용산구청 보건의료과 ,02-2199-4406
2021-05-05,10,2,,1,,,,,,,2,,,,5,,, 서울특별시 용산구청 보건의료과 ,02-2199-4406
2021-05-06,3,,,1,,,1,,,,1,,,,,,, 서울특별시 용산구청 보건의료과 ,02-2199-4406
2021-05-07,3,,,,,,,,,1,,,,,2,,, 서울특별시 용산구청 보건의료과 ,02-2199-4406
2021-05-08,1,,,,1,,,,,,,,,,,,, 서울특별시 용산구청 보건의료과 ,02-2199-4406
2021-05-09,3,,,,,,,1,,,1,,,,1,,, 서울특별시 용산구청 보건의료과 ,02-2199-4406
2021-05-10,3,,,,,,,1,2,,,,,,,,, 서울특별시 용산구청 보건의료과 ,02-2199-4406
2021-05-11,7,,2,,,,,,1,,1,1,1,1,,,, 서울특별시 용산구청 보건의료과 ,02-2199-4406
2021-05-12,6,1,,1,,,,,,,1,1,,1,,,1, 서울특별시 용산구청 보건의료과 ,02-2199-4406
2021-05-13,4,,,,,,,,,,1,,3,,,,, 서울특별시 용산구청 보건의료과 ,02-2199-4406
2021-05-14,7,1,,,,,,,,,4,,,,1,,1, 서울특별시 용산구청 보건의료과 ,02-2199-4406
2021-05-15,2,,,,,,,,,1,,,,,1,,, 서울특별시 용산구청 보건의료과 ,02-2199-4406
2021-05-16,2,,,,,,,1,,,,,1,,,,, 서울특별시 용산구청 보건의료과 ,02-2199-4406
2021-05-17,4,,,,,,,,,,2,,,2,,,, 서울특별시 용산구청 보건의료과 ,02-2199-4406
2021-05-18,3,,,,1,,,,,,2,,,,,,, 서울특별시 용산구청 보건의료과 ,02-2199-4406
2021-05-19,3,1,,,,,,,,1,,,,,1,,, 서울특별시 용산구청 보건의료과 ,02-2199-4406
2021-05-20,4,,,,,,,2,,2,,,,,,,, 서울특별시 용산구청 보건의료과 ,02-2199-4406
2021-05-21,6,1,,,1,,2,,,1,,,,,,1,, 서울특별시 용산구청 보건의료과 ,02-2199-4406
2021-05-22,5,,,,3,1,,,,,,,,1,,,, 서울특별시 용산구청 보건의료과 ,02-2199-4406
2021-05-23,2,,,,1,,,,,,,1,,,,,, 서울특별시 용산구청 보건의료과 ,02-2199-4406
2021-05-24,6,,,,,1,,,,4,,,,1,,,, 서울특별시 용산구청 보건의료과 ,02-2199-4406
2021-05-25,12,,,1,1,,1,1,1,2,,,,1,2,1,1, 서울특별시 용산구청 보건의료과 ,02-2199-4406
2021-05-26,6,,,1,,,,,,2,3,,,,,,, 서울특별시 용산구청 보건의료과 ,02-2199-4406
2021-05-27,11,,1,,,,2,2,1,,,,,1,1,,3, 서울특별시 용산구청 보건의료과 ,02-2199-4406
2021-05-28,15,2,4,,2,,,,,,1,,,,1,3,2, 서울특별시 용산구청 보건의료과 ,02-2199-4406
2021-05-29,4,,,,1,,,1,1,,,,,,1,,, 서울특별시 용산구청 보건의료과 ,02-2199-4406
2021-05-30,2,,,,2,,,,,,,,,,,,, 서울특별시 용산구청 보건의료과 ,02-2199-4406
2021-05-31,0,,,,,,,,,,,,,,,,, 서울특별시 용산구청 보건의료과 ,02-2199-4406
2021-06-01,5,,2,,,,,,,2,1,,,,,,, 서울특별시 용산구청 보건의료과 ,02-2199-4406
2021-06-02,8,,1,,,2,,,,2,1,,,,2,,, 서울특별시 용산구청 보건의료과 ,02-2199-4406
2021-06-03,5,,,,,,1,,,2,,,,1,,1,, 서울특별시 용산구청 보건의료과 ,02-2199-4406
2021-06-04,2,,,,1,,,,,1,,,,,,,, 서울특별시 용산구청 보건의료과 ,02-2199-4406
2021-06-05,4,,,,,,,1,,1,,,,1,,1,, 서울특별시 용산구청 보건의료과 ,02-2199-4406
2021-06-06,9,,1,,,,,1,,1,1,,,1,1,1,2, 서울특별시 용산구청 보건의료과 ,02-2199-4406
2021-06-07,9,,,,,1,,1,,,2,1,,,2,,2, 서울특별시 용산구청 보건의료과 ,02-2199-4406
2021-06-08,10,,,,,1,3,,,1,1,,2,,1,,1, 서울특별시 용산구청 보건의료과 ,02-2199-4406
2021-06-09,10,,,,2,,2,,,1,,,,,2,,3, 서울특별시 용산구청 보건의료과 ,02-2199-4406
2021-06-10,14,,2,1,2,1,4,2,,,,,,,1,,1, 서울특별시 용산구청 보건의료과 ,02-2199-4406
2021-06-11,8,,2,,4,,,,1,,,,3,,,,, 서울특별시 용산구청 보건의료과 ,02-2199-4406
2021-06-12,7,,1,,1,,,1,,,,,,1,1,,, 서울특별시 용산구청 보건의료과 ,02-2199-4406
2021-06-13,9,1,,,2,,,,,1,2,,1,,,,2, 서울특별시 용산구청 보건의료과 ,02-2199-4406
2021-06-14,2,,,,,,,,,1,,,,,,,1, 서울특별시 용산구청 보건의료과 ,02-2199-4406
2021-06-15,11,1,,1,,1,1,,,2,1,,,,3,,1, 서울특별시 용산구청 보건의료과 ,02-2199-4406
2021-06-16,13,,1,,1,2,,,,3,,2,,1,,2,1, 서울특별시 용산구청 보건의료과 ,02-2199-4406
2021-06-17,14,,,,2,1,1,,,,2,1,1,,1,3,2, 서울특별시 용산구청 보건의료과 ,02-2199-4406
2021-06-18,9,,,,1,,,2,1,,,,1,2,2,,, 서울특별시 용산구청 보건의료과 ,02-2199-4406
2021-06-19,6,,,,3,,,1,,,,,,1,1,,, 서울특별시 용산구청 보건의료과 ,02-2199-4406
2021-06-20,7,,,,1,2,,,1,1,,,,,2,,, 서울특별시 용산구청 보건의료과 ,02-2199-4406
2021-06-21,4,,,,,,,,,1,,,1,,1,,1, 서울특별시 용산구청 보건의료과 ,02-2199-4406
2021-06-22,8,,,1,,,,,1,1,,,1,,4,,, 서울특별시 용산구청 보건의료과 ,02-2199-4406
2021-06-23,9,,1,1,,,,1,,1,1,,,,4,,, 서울특별시 용산구청 보건의료과 ,02-2199-4406
2021-06-24,8,,1,,,,,1,,2,,,,,2,,2, 서울특별시 용산구청 보건의료과 ,02-2199-4406
2021-06-25,9,,,,,,,,,2,,,2,3,2,,, 서울특별시 용산구청 보건의료과 ,02-2199-4406
2021-06-26,11,,,,1,1,,1,,2,2,,,,1,,3, 서울특별시 용산구청 보건의료과 ,02-2199-4406
2021-06-27,7,,1,,1,1,,,,,,1,1,,2,,, 서울특별시 용산구청 보건의료과 ,02-2199-4406
2021-06-28,6,,,1,,2,,,,,,,,,2,,1, 서울특별시 용산구청 보건의료과 ,02-2199-4406
2021-06-29,14,1,1,2,2,1,,,1,,1,,2,,2,,1, 서울특별시 용산구청 보건의료과 ,02-2199-4406
2021-06-30,13,,1,2,1,1,1,,1,,1,,,3,2,,, 서울특별시 용산구청 보건의료과 ,02-2199-4406
2021-07-01,17,,2,,,1,1,,4,,2,1,2,1,2,,1, 서울특별시 용산구청 보건의료과 ,02-2199-4406
2021-07-02,24,1,5,,1,2,1,,1,,3,,2,2,3,2,1, 서울특별시 용산구청 보건의료과 ,02-2199-4406
2021-07-03,13,1,,2,,,,1,1,2,,1,1,,1,1,2, 서울특별시 용산구청 보건의료과 ,02-2199-4406
2021-07-04,20,1,3,,2,1,,,1,2,3,,4,1,2,,, 서울특별시 용산구청 보건의료과 ,02-2199-4406
2021-07-05,16,1,3,,,1,1,,1,1,1,,2,1,2,,2, 서울특별시 용산구청 보건의료과 ,02-2199-4406
2021-07-06,27,2,6,,1,1,,1,,2,1,,,2,5,3,3, 서울특별시 용산구청 보건의료과 ,02-2199-4406
2021-07-07,15,2,3,1,3,6,,2,2,2,1,,3,3,4,,, 서울특별시 용산구청 보건의료과 ,02-2199-4406
2021-07-08,17,2,,1,,3,,1,1,1,1,,3,1,3,,, 서울특별시 용산구청 보건의료과 ,02-2199-4406
2021-07-09,15,,4,,1,2,2,1,,,,,2,1,1,,1, 서울특별시 용산구청 보건의료과 ,02-2199-4406
2021-07-10,14,1,1,2,1,1,1,1,,,,,1,,4,,1, 서울특별시 용산구청 보건의료과 ,02-2199-4406
2021-07-11,9,,1,1,,1,,,,,2,,1,2,1,,, 서울특별시 용산구청 보건의료과 ,02-2199-4406
2021-07-12,13,1,4,,,,,,,1,2,,,,3,1,1, 서울특별시 용산구청 보건의료과 ,02-2199-4406
2021-07-13,24,2,,,,1,1,,1,3,3,,,,8,,5, 서울특별시 용산구청 보건의료과 ,02-2199-4406
2021-07-14,15,1,,1,1,1,1,,,,4,1,1,1,2,1,, 서울특별시 용산구청 보건의료과 ,02-2199-4406
2021-07-15,16,,1,,1,1,,1,3,1,1,,,2,5,,, 서울특별시 용산구청 보건의료과 ,02-2199-4406
2021-07-16,20,,1,1,2,,,,3,1,4,,1,,1,3,3, 서울특별시 용산구청 보건의료과 ,02-2199-4406
2021-07-17,19,,3,1,,,,,,2,3,1,1,,3,2,3, 서울특별시 용산구청 보건의료과 ,02-2199-4406
2021-07-18,13,1,3,1,,,,2,,,,,1,,2,2,1, 서울특별시 용산구청 보건의료과 ,02-2199-4406
2021-07-19,12,,,,,1,,,1,1,2,,,,,4,3, 서울특별시 용산구청 보건의료과 ,02-2199-4406
2021-07-20,26,6,2,,1,1,,1,,1,4,,1,2,4,1,2, 서울특별시 용산구청 보건의료과 ,02-2199-4406
2021-07-21,15,2,1,,,1,,,1,,3,,3,,2,,2, 서울특별시 용산구청 보건의료과 ,02-2199-4406
2021-07-22,19,1,1,2,,4,,1,1,1,2,,2,,1,,3, 서울특별시 용산구청 보건의료과 ,02-2199-4406
2021-07-23,16,,2,,1,1,,1,,1,1,3,1,,2,,3, 서울특별시 용산구청 보건의료과 ,02-2199-4406
2021-07-24,11,,,,1,,1,,,,3,,2,1,2,,1, 서울특별시 용산구청 보건의료과 ,02-2199-4406
2021-07-25,7,,1,,,1,,,2,2,,,1,,,,, 서울특별시 용산구청 보건의료과 ,02-2199-4406
2021-07-26,14,1,5,,2,1,,,,2,,,1,,,2,, 서울특별시 용산구청 보건의료과 ,02-2199-4406
2021-07-27,14,,2,,5,,,,,2,1,,2,1,,,1, 서울특별시 용산구청 보건의료과 ,02-2199-4406
2021-07-28,6,,,,,,1,,2,,1,2,,,,,, 서울특별시 용산구청 보건의료과 ,02-2199-4406
2021-07-29,14,,,,3,,,1,3,2,1,,,2,2,,, 서울특별시 용산구청 보건의료과 ,02-2199-4406
2021-07-30,9,,,,,,,,2,1,,,1,2,,2,1, 서울특별시 용산구청 보건의료과 ,02-2199-4406
2021-07-31,18,1,,1,1,3,2,,2,1,,,1,2,2,,2, 서울특별시 용산구청 보건의료과 ,02-2199-4406
2021-08-01,16,1,,,1,1,2,1,,5,,1,1,1,,,2, 서울특별시 용산구청 보건의료과 ,02-2199-4406
2021-08-02,10,,,1,1,,1,1,1,,1,,1,3,,,, 서울특별시 용산구청 보건의료과 ,02-2199-4406
2021-08-03,25,,1,,,2,4,3,5,2,,,1,2,3,,2, 서울특별시 용산구청 보건의료과 ,02-2199-4406
2021-08-04,28,,1,,1,,,5,12,1,1,,1,1,2,,2, 서울특별시 용산구청 보건의료과 ,02-2199-4406
2021-08-05,22,,,,,1,,3,6,1,3,,2,3,1,,2, 서울특별시 용산구청 보건의료과 ,02-2199-4406
2021-08-06,16,,1,,1,,3,1,5,2,1,,1,,1,,, 서울특별시 용산구청 보건의료과 ,02-2199-4406
2021-08-07,7,,2,,,,,,1,,,,2,,1,1,, 서울특별시 용산구청 보건의료과 ,02-2199-4406
2021-08-08,10,,,,1,,,1,,1,2,,3,1,,1,, 서울특별시 용산구청 보건의료과 ,02-2199-4406
2021-08-09,12,,1,,2,,,2,2,1,1,1,,,,,2, 서울특별시 용산구청 보건의료과 ,02-2199-4406
2021-08-10,26,,1,1,3,,1,1,3,3,1,1,5,,4,,2, 서울특별시 용산구청 보건의료과 ,02-2199-4406
2021-08-11,24,,1,,1,1,1,3,3,2,2,1,,,5,2,2, 서울특별시 용산구청 보건의료과 ,02-2199-4406
2021-08-12,16,1,1,,,2,2,1,4,,,,,,2,,3, 서울특별시 용산구청 보건의료과 ,02-2199-4406
2021-08-13,15,1,,1,1,,1,,,2,3,1,1,,4,,, 서울특별시 용산구청 보건의료과 ,02-2199-4406
2021-08-14,10,,2,,1,,,,,,2,,2,,,1,2, 서울특별시 용산구청 보건의료과 ,02-2199-4406
2021-08-15,12,1,2,,2,,2,1,1,1,1,1,,,,,, 서울특별시 용산구청 보건의료과 ,02-2199-4406
2021-08-16,9,,,,2,1,,,,1,,1,,,2,1,1, 서울특별시 용산구청 보건의료과 ,02-2199-4406
2021-08-17,15,1,3,,3,,,1,,2,1,,,1,3,,, 서울특별시 용산구청 보건의료과 ,02-2199-4406
2021-08-18,16,,1,1,3,,,1,,3,1,1,2,2,1,,, 서울특별시 용산구청 보건의료과 ,02-2199-4406
2021-08-19,9,1,,,1,,,,1,,2,1,,,2,,1, 서울특별시 용산구청 보건의료과 ,02-2199-4406
2021-08-20,15,,1,,2,2,,1,1,,1,,3,,2,,2, 서울특별시 용산구청 보건의료과 ,02-2199-4406
2021-08-21,15,,2,1,1,,1,,,1,2,1,2,2,2,,, 서울특별시 용산구청 보건의료과 ,02-2199-4406
2021-08-22,9,2,1,1,,,,,,2,,,1,,1,1,, 서울특별시 용산구청 보건의료과 ,02-2199-4406
2021-08-23,8,,2,,,,,,1,,,,,1,3,,1, 서울특별시 용산구청 보건의료과 ,02-2199-4406
2021-08-24,14,1,2,1,1,2,1,,,,1,,,3,,1,2, 서울특별시 용산구청 보건의료과 ,02-2199-4406
2021-08-25,7,,1,,,,,,1,1,,1,1,,1,,, 서울특별시 용산구청 보건의료과 ,02-2199-4406
2021-08-26,15,,2,1,1,,,1,,,1,,,2,5,1,, 서울특별시 용산구청 보건의료과 ,02-2199-4406
2021-08-27,11,,1,,,,,,,2,,,4,1,1,1,, 서울특별시 용산구청 보건의료과 ,02-2199-4406
2021-08-28,9,,1,,,,,,,1,,,,2,3,1,1, 서울특별시 용산구청 보건의료과 ,02-2199-4406
2021-08-29,9,,1,2,2,1,,,,,,,,,2,,1, 서울특별시 용산구청 보건의료과 ,02-2199-4406
2021-08-30,12,,1,,1,1,,,1,,,,2,2,3,,1, 서울특별시 용산구청 보건의료과 ,02-2199-4406
2021-08-31,12,,,2,1,1,1,1,,2,1,,1,1,,,1, 서울특별시 용산구청 보건의료과 ,02-2199-4406
2021-09-01,8,1,,,,,,,,,1,,3,1,1,,1, 서울특별시 용산구청 보건의료과 ,02-2199-4406
2021-09-02,11,1,,,,,,1,,,,3,1,1,3,,1, 서울특별시 용산구청 보건의료과 ,02-2199-4406
2021-09-03,12,,2,,,,,1,1,3,1,1,,1,,1,1, 서울특별시 용산구청 보건의료과 ,02-2199-4406
2021-09-04,9,2,,,,,,,1,1,1,,1,,2,,1, 서울특별시 용산구청 보건의료과 ,02-2199-4406
2021-09-05,4,,,1,,1,,2,,,,,,,,,, 서울특별시 용산구청 보건의료과 ,02-2199-4406
2021-09-06,8,,,,2,1,,,,1,,,,1,3,,, 서울특별시 용산구청 보건의료과 ,02-2199-4406
2021-09-07,17,3,2,,2,1,,1,,1,,,1,1,4,,1, 서울특별시 용산구청 보건의료과 ,02-2199-4406
2021-09-08,14,5,,,,1,,1,,1,,,3,,3,,, 서울특별시 용산구청 보건의료과 ,02-2199-4406
2021-09-09,15,1,,,,1,,4,,,,1,4,2,1,,1, 서울특별시 용산구청 보건의료과 ,02-2199-4406
2021-09-10,12,1,,1,3,,1,2,1,,,,2,,,,1, 서울특별시 용산구청 보건의료과 ,02-2199-4406
2021-09-11,17,1,1,,2,,1,,,5,1,,,,2,2,2, 서울특별시 용산구청 보건의료과 ,02-2199-4406
2021-09-12,11,4,,,,,,,,3,1,1,,,,,2, 서울특별시 용산구청 보건의료과 ,02-2199-4406
2021-09-13,11,1,,,,,,,,1,3,,2,2,1,,1, 서울특별시 용산구청 보건의료과 ,02-2199-4406
2021-09-14,13,2,,1,1,1,,,1,,,2,1,1,2,1,, 서울특별시 용산구청 보건의료과 ,02-2199-4406
2021-09-15,7,,1,1,,,,,3,,,1,,,,,1, 서울특별시 용산구청 보건의료과 ,02-2199-4406
2021-09-16,6,,,,,,,,,1,,,,,3,1,1, 서울특별시 용산구청 보건의료과 ,02-2199-4406
2021-09-17,9,,2,1,,,,,2,,,,1,1,1,,1, 서울특별시 용산구청 보건의료과 ,02-2199-4406
2021-09-18,14,,3,,2,,,,3,1,2,1,,,,1,1, 서울특별시 용산구청 보건의료과 ,02-2199-4406
2021-09-19,8,,,,1,2,,,1,,,1,,,1,1,1, 서울특별시 용산구청 보건의료과 ,02-2199-4406
2021-09-20,15,1,,1,2,1,2,1,,,1,1,,,1,,4, 서울특별시 용산구청 보건의료과 ,02-2199-4406
2021-09-21,9,1,,,2,,1,,,,1,,,,1,2,1, 서울특별시 용산구청 보건의료과 ,02-2199-4406
2021-09-22,9,1,1,,2,1,,,,,,,,1,1,2,, 서울특별시 용산구청 보건의료과 ,02-2199-4406
2021-09-23,12,1,1,1,2,,,,1,,1,1,1,,1,1,1, 서울특별시 용산구청 보건의료과 ,02-2199-4406
2021-09-24,23,1,2,2,4,,,,3,,1,,5,1,1,,3, 서울특별시 용산구청 보건의료과 ,02-2199-4406
2021-09-25,30,3,,1,6,3,,,2,1,1,2,3,2,,1,5, 서울특별시 용산구청 보건의료과 ,02-2199-4406
2021-09-26,11,,1,1,,,1,,1,,,1,2,,1,,3, 서울특별시 용산구청 보건의료과 ,02-2199-4406
2021-09-27,27,,6,2,2,3,,,,1,2,1,1,2,1,1,6, 서울특별시 용산구청 보건의료과 ,02-2199-4406
2021-09-28,25,,4,1,2,,,,2,1,,2,2,3,5,,3, 서울특별시 용산구청 보건의료과 ,02-2199-4406
2021-09-29,29,3,3,,3,3,1,,1,2,2,2,,1,4,1,3, 서울특별시 용산구청 보건의료과 ,02-2199-4406
2021-09-30,13,2,1,2,,1,,,,2,,,,2,1,1,1, 서울특별시 용산구청 보건의료과 ,02-2199-4406
2021-10-01,22,,1,2,2,,,,,2,,2,2,3,3,,5, 서울특별시 용산구청 보건의료과 ,02-2199-4406
2021-10-02,18,1,,1,2,,,2,1,1,,,,1,1,2,6, 서울특별시 용산구청 보건의료과 ,02-2199-4406
2021-10-03,16,4,1,,3,1,,,,1,,,,3,2,1,, 서울특별시 용산구청 보건의료과 ,02-2199-4406
2021-10-04,9,,,,2,,,,,1,,,,1,2,,3, 서울특별시 용산구청 보건의료과 ,02-2199-4406
2021-10-05,11,,2,,1,1,,,,,,,2,1,1,1,2, 서울특별시 용산구청 보건의료과 ,02-2199-4406
2021-10-06,14,,2,1,,1,1,,,,2,2,,,1,1,3, 서울특별시 용산구청 보건의료과 ,02-2199-4406
2021-10-07,13,,4,,,1,,,,,1,1,,2,2,1,1, 서울특별시 용산구청 보건의료과 ,02-2199-4406
2021-10-08,23,2,3,,2,,1,,,3,,,,4,4,,4, 서울특별시 용산구청 보건의료과 ,02-2199-4406
2021-10-09,27,,2,,3,,1,1,,1,,3,1,1,9,,5, 서울특별시 용산구청 보건의료과 ,02-2199-4406
2021-10-10,11,1,1,,1,1,,,,,,,1,4,1,,1, 서울특별시 용산구청 보건의료과 ,02-2199-4406
2021-10-11,23,2,,1,2,1,1,,,1,3,1,1,2,,,8, 서울특별시 용산구청 보건의료과 ,02-2199-4406
2021-10-12,19,1,1,1,3,,,,,,,1,1,2,5,,4, 서울특별시 용산구청 보건의료과 ,02-2199-4406
2021-10-13,17,3,5,,1,,1,,,,1,1,1,1,3,,, 서울특별시 용산구청 보건의료과 ,02-2199-4406
2021-10-14,21,3,3,,,2,,1,1,,1,,2,4,1,,3, 서울특별시 용산구청 보건의료과 ,02-2199-4406
2021-10-15,9,1,,,,,,1,1,1,,,3,,1,,1, 서울특별시 용산구청 보건의료과 ,02-2199-4406
2021-10-16,18,,1,,2,,3,,2,,,1,,,5,1,3, 서울특별시 용산구청 보건의료과 ,02-2199-4406
2021-10-17,8,,1,1,1,,,,1,2,1,,,,1,,, 서울특별시 용산구청 보건의료과 ,02-2199-4406
2021-10-18,9,1,,2,1,,,,,,1,1,,1,2,,, 서울특별시 용산구청 보건의료과 ,02-2199-4406
2021-10-19,8,1,,,,1,,,,,,,,,2,1,3, 서울특별시 용산구청 보건의료과 ,02-2199-4406
2021-10-20,6,1,1,,,1,1,,,,,,,,1,,1, 서울특별시 용산구청 보건의료과 ,02-2199-4406
2021-10-21,9,2,,,1,2,,,,2,,,,1,1,,, 서울특별시 용산구청 보건의료과 ,02-2199-4406
2021-10-22,12,,,1,3,,,,1,1,,,,2,1,,1, 서울특별시 용산구청 보건의료과 ,02-2199-4406
2021-10-23,15,1,1,,3,,,,1,,,2,,,5,,2, 서울특별시 용산구청 보건의료과 ,02-2199-4406
2021-10-24,2,,,,2,,,,,,,,,,,,, 서울특별시 용산구청 보건의료과 ,02-2199-4406
2021-10-25,4,,,,,,,,,1,,,,,1,2,, 서울특별시 용산구청 보건의료과 ,02-2199-4406
2021-10-26,19,1,,,1,4,,2,,,2,,,3,3,1,2, 서울특별시 용산구청 보건의료과 ,02-2199-4406
2021-10-27,10,,,,,,,1,,,1,,,1,4,1,2, 서울특별시 용산구청 보건의료과 ,02-2199-4406
2021-10-28,12,1,,1,1,1,,,2,2,,,,,1,,3, 서울특별시 용산구청 보건의료과 ,02-2199-4406
2021-10-29,9,1,,,1,,1,,1,,1,,,2,1,,1, 서울특별시 용산구청 보건의료과 ,02-2199-4406
2021-10-30,15,2,1,,3,1,,,1,,,,1,2,,,4, 서울특별시 용산구청 보건의료과 ,02-2199-4406
2021-10-31,10,1,1,,2,,2,,,2,,,1,,,,1, 서울특별시 용산구청 보건의료과 ,02-2199-4406
2021-11-01,10,1,,2,,,,,1,,3,,1,,1,,1, 서울특별시 용산구청 보건의료과 ,02-2199-4406
2021-11-02,16,4,,,1,4,1,,,2,2,,,,1,,1, 서울특별시 용산구청 보건의료과 ,02-2199-4406
2021-11-03,17,1,1,1,1,1,1,,,,1,,,3,2,,5, 서울특별시 용산구청 보건의료과 ,02-2199-4406
2021-11-04,20,2,2,1,3,1,,,,2,1,1,1,2,4,,1, 서울특별시 용산구청 보건의료과 ,02-2199-4406
2021-11-05,16,,4,,,,,,3,3,,,,,4,,2, 서울특별시 용산구청 보건의료과 ,02-2199-4406
2021-11-06,12,,3,,,2,,1,,1,1,1,2,1,,,, 서울특별시 용산구청 보건의료과 ,02-2199-4406
2021-11-07,10,1,,1,2,,,1,,1,1,1,,1,,,1, 서울특별시 용산구청 보건의료과 ,02-2199-4406
2021-11-08,9,1,,,,1,1,,,1,,2,1,,1,1,, 서울특별시 용산구청 보건의료과 ,02-2199-4406
2021-11-09,18,1,2,,3,1,1,,,6,1,2,,,,,2, 서울특별시 용산구청 보건의료과 ,02-2199-4406
2021-11-10,16,1,1,1,,,1,,1,3,1,1,2,,1,1,, 서울특별시 용산구청 보건의료과 ,02-2199-4406
2021-11-11,20,3,1,,1,4,,1,,,2,,,,3,,5, 서울특별시 용산구청 보건의료과 ,02-2199-4406
2021-11-12,12,,1,1,2,1,1,,,,,2,,1,1,1,1, 서울특별시 용산구청 보건의료과 ,02-2199-4406
2021-11-13,8,2,1,,1,1,,,,,,,,1,1,1,, 서울특별시 용산구청 보건의료과 ,02-2199-4406
2021-11-14,18,1,,5,,2,,,,2,2,,,2,,2,2, 서울특별시 용산구청 보건의료과 ,02-2199-4406
2021-11-15,9,2,,,1,1,,,,,2,,,1,,,2, 서울특별시 용산구청 보건의료과 ,02-2199-4406
2021-11-16,21,1,1,1,2,1,,,1,4,5,2,1,,1,1,, 서울특별시 용산구청 보건의료과 ,02-2199-4406
2021-11-17,19,,2,1,2,,1,1,,3,1,3,,,2,2,1, 서울특별시 용산구청 보건의료과 ,02-2199-4406
2021-11-18,20,,,3,3,2,,1,,4,,,,,2,1,4, 서울특별시 용산구청 보건의료과 ,02-2199-4406
2021-11-19,25,,3,1,1,,2,3,1,5,,,1,1,1,2,4, 서울특별시 용산구청 보건의료과 ,02-2199-4406
2021-11-20,28,4,,,5,1,1,,,6,1,2,2,,2,2,2, 서울특별시 용산구청 보건의료과 ,02-2199-4406
2021-11-21,20,1,,,,1,1,2,,4,2,2,2,1,3,1,, 서울특별시 용산구청 보건의료과 ,02-2199-4406
2021-11-22,8,,,2,,1,,,,3,1,,,2,1,,, 서울특별시 용산구청 보건의료과 ,02-2199-4406
2021-11-23,32,4,,6,3,1,,2,1,2,1,3,2,1,1,2,2, 서울특별시 용산구청 보건의료과 ,02-2199-4406
2021-11-24,33,4,2,2,3,2,1,,1,4,2,1,1,2,1,5,1, 서울특별시 용산구청 보건의료과 ,02-2199-4406
2021-11-25,42,2,1,3,4,4,3,2,,3,2,,1,4,4,2,7, 서울특별시 용산구청 보건의료과 ,02-2199-4406
2021-11-26,57,2,1,3,7,5,4,,,3,6,1,4,2,5,6,8, 서울특별시 용산구청 보건의료과 ,02-2199-4406
2021-11-27,30,2,1,1,2,2,2,,1,4,3,,2,,2,1,7, 서울특별시 용산구청 보건의료과 ,02-2199-4406
2021-11-28,32,,3,3,4,,1,,1,10,3,,2,1,2,4,1, 서울특별시 용산구청 보건의료과 ,02-2199-4406
2021-11-29,36,1,2,3,2,2,2,1,,3,5,,2,1,1,4,4, 서울특별시 용산구청 보건의료과 ,02-2199-4406
2021-11-30,76,7,3,18,10,7,2,,2,4,4,,2,3,9,2,3, 서울특별시 용산구청 보건의료과 ,02-2199-4406
2021-12-01,47,1,1,12,6,4,4,2,1,7,1,2,1,4,1,4,2, 서울특별시 용산구청 보건의료과 ,02-2199-4406
2021-12-02,52,8,4,6,4,3,5,,,3,2,2,3,4,4,2,2, 서울특별시 용산구청 보건의료과 ,02-2199-4406
2021-12-03,46,5,4,1,5,1,1,2,2,4,3,3,1,5,7,1,1, 서울특별시 용산구청 보건의료과 ,02-2199-4406
2021-12-04,48,10,1,4,7,5,3,1,,2,4,,3,,6,2,3, 서울특별시 용산구청 보건의료과 ,02-2199-4406
2021-12-05,25,3,1,2,3,,,1,,5,3,,,,2,2,1, 서울특별시 용산구청 보건의료과 ,02-2199-4406
2021-12-06,37,4,1,6,2,3,4,4,1,2,2,,3,2,2,2,3, 서울특별시 용산구청 보건의료과 ,02-2199-4406
2021-12-07,54,3,1,7,7,1,6,6,3,6,2,2,1,1,5,1,6, 서울특별시 용산구청 보건의료과 ,02-2199-4406
2021-12-08,66,9,4,9,5,3,4,,10,4,3,2,,,6,,2, 서울특별시 용산구청 보건의료과 ,02-2199-4406
2021-12-09,35,,2,2,8,2,4,1,,7,3,2,1,,,,2, 서울특별시 용산구청 보건의료과 ,02-2199-4406
2021-12-10,54,9,2,6,2,4,2,3,,4,1,1,3,7,6,1,2, 서울특별시 용산구청 보건의료과 ,02-2199-4406
2021-12-11,49,4,7,7,3,2,4,3,3,8,4,2,,2,3,2,1, 서울특별시 용산구청 보건의료과 ,02-2199-4406
2021-12-12,57,7,5,5,3,6,6,2,3,3,4,1,2,2,4,,2, 서울특별시 용산구청 보건의료과 ,02-2199-4406
2021-12-13,40,2,1,,3,1,2,2,3,4,,4,1,3,5,,4, 서울특별시 용산구청 보건의료과 ,02-2199-4406
2021-12-14,52,6,3,2,3,2,7,5,,7,1,2,5,3,5,,5, 서울특별시 용산구청 보건의료과 ,02-2199-4406
2021-12-15,57,6,3,7,4,4,,3,2,6,5,4,,1,7,2,1, 서울특별시 용산구청 보건의료과 ,02-2199-4406
2021-12-16,47,4,2,3,4,3,4,4,4,3,4,1,1,2,5,4,5, 서울특별시 용산구청 보건의료과 ,02-2199-4406
2021-12-17,63,2,4,2,6,1,6,3,3,3,6,7,3,3,5,1,5, 서울특별시 용산구청 보건의료과 ,02-2199-4406
2021-12-18,56,7,2,1,3,3,4,2,2,4,6,2,3,7,4,1,5, 서울특별시 용산구청 보건의료과 ,02-2199-4406
2021-12-19,31,3,,,3,1,3,4,,1,1,4,2,1,1,5,4, 서울특별시 용산구청 보건의료과 ,02-2199-4406
2021-12-20,37,8,2,5,2,,,1,2,3,7,1,,,4,2,1, 서울특별시 용산구청 보건의료과 ,02-2199-4406
2021-12-21,72,2,3,5,3,3,1,2,4,6,9,5,5,3,9,4,4, 서울특별시 용산구청 보건의료과 ,02-2199-4406
2021-12-22,54,3,5,10,6,2,1,1,2,3,5,2,2,1,5,1,2, 서울특별시 용산구청 보건의료과 ,02-2199-4406
2021-12-23,50,,1,2,16,4,1,2,2,2,7,1,1,3,4,3,1, 서울특별시 용산구청 보건의료과 ,02-2199-4406
2021-12-24,37,2,,5,4,2,1,1,2,1,3,3,3,2,7,1,, 서울특별시 용산구청 보건의료과 ,02-2199-4406
2021-12-25,32,4,2,1,4,2,1,,3,3,2,,,,8,,1, 서울특별시 용산구청 보건의료과 ,02-2199-4406
2021-12-26,22,1,,,,,2,,3,4,7,,,,1,,3, 서울특별시 용산구청 보건의료과 ,02-2199-4406
2021-12-27,24,4,1,,1,1,1,,1,1,3,,2,1,4,1,3, 서울특별시 용산구청 보건의료과 ,02-2199-4406
2021-12-28,38,1,1,,6,1,2,,,1,4,1,3,1,10,4,2, 서울특별시 용산구청 보건의료과 ,02-2199-4406
2021-12-29,33,2,3,3,,,1,2,5,3,4,,2,2,4,,2, 서울특별시 용산구청 보건의료과 ,02-2199-4406
2021-12-30,30,1,2,2,4,2,1,2,1,1,3,,2,1,4,2,2, 서울특별시 용산구청 보건의료과 ,02-2199-4406
2021-12-31,38,1,4,3,1,3,,4,,2,5,4,2,,5,,4, 서울특별시 용산구청 보건의료과 ,02-2199-4406
2022-01-01,33,2,1,4,1,1,2,,1,4,3,1,1,1,3,5,, 서울특별시 용산구청 보건의료과 ,02-2199-4406
2022-01-02,18,1,1,1,,3,2,,,1,2,2,2,,2,2,, 서울특별시 용산구청 보건의료과 ,02-2199-4406
2022-01-03,22,3,1,2,4,1,,,2,1,1,,1,,4,1,1, 서울특별시 용산구청 보건의료과 ,02-2199-4406
2022-01-04,37,5,,10,6,,,,1,,1,,1,1,4,4,3, 서울특별시 용산구청 보건의료과 ,02-2199-4406
2022-01-05,29,,1,,,4,,,1,4,1,1,3,2,6,1,3, 서울특별시 용산구청 보건의료과 ,02-2199-4406
2022-01-06,35,1,2,4,1,4,3,,,3,2,,2,,6,4,3, 서울특별시 용산구청 보건의료과 ,02-2199-4406
2022-01-07,26,,2,3,,2,2,1,,1,5,1,2,,3,2,, 서울특별시 용산구청 보건의료과 ,02-2199-4406
2022-01-08,31,,,,3,4,,1,1,3,3,,2,1,8,2,3, 서울특별시 용산구청 보건의료과 ,02-2199-4406
2022-01-09,22,,1,1,2,2,1,,,4,2,2,,,5,1,1, 서울특별시 용산구청 보건의료과 ,02-2199-4406
2022-01-10,21,,1,1,,1,1,,,,3,1,,2,8,,3, 서울특별시 용산구청 보건의료과 ,02-2199-4406
2022-01-11,42,2,,,5,6,4,,4,6,2,,4,2,3,4,4, 서울특별시 용산구청 보건의료과 ,02-2199-4406
2022-01-12,27,1,2,1,2,1,2,1,1,3,1,,2,2,3,,4, 서울특별시 용산구청 보건의료과 ,02-2199-4406
2022-01-13,31,,1,4,3,2,,,,6,2,,2,2,4,2,3, 서울특별시 용산구청 보건의료과 ,02-2199-4406
2022-01-14,34,2,6,,1,2,,,,3,,3,1,1,5,4,3, 서울특별시 용산구청 보건의료과 ,02-2199-4406
2022-01-15,28,3,,1,5,2,,,1,4,,2,,1,8,1,3, 서울특별시 용산구청 보건의료과 ,02-2199-4406
2022-01-16,32,,2,1,3,2,,,,6,,1,3,2,1,4,3, 서울특별시 용산구청 보건의료과 ,02-2199-4406
2022-01-17,23,,,1,7,2,1,1,,6,,1,2,,3,,, 서울특별시 용산구청 보건의료과 ,02-2199-4406
2022-01-18,43,3,,2,4,5,1,,2,2,1,,6,,9,4,4, 서울특별시 용산구청 보건의료과 ,02-2199-4406
2022-01-19,37,2,2,2,6,1,2,4,,5,2,,1,2,5,1,1, 서울특별시 용산구청 보건의료과 ,02-2199-4406
2022-01-20,37,3,1,2,7,,1,2,1,7,,1,4,,4,,2, 서울특별시 용산구청 보건의료과 ,02-2199-4406
2022-01-21,42,2,1,2,4,1,4,1,1,5,3,1,2,2,2,3,8, 서울특별시 용산구청 보건의료과 ,02-2199-4406
2022-01-22,49,2,5,2,6,2,5,2,4,2,5,2,1,3,4,4,, 서울특별시 용산구청 보건의료과 ,02-2199-4406
2022-01-23,46,4,2,1,5,1,2,1,2,2,7,2,2,,3,10,, 서울특별시 용산구청 보건의료과 ,02-2199-4406
2022-01-24,37,2,1,1,2,2,3,,3,8,2,1,2,2,3,4,1, 서울특별시 용산구청 보건의료과 ,02-2199-4406
2022-01-25,90,7,3,3,7,8,2,3,1,11,5,,7,3,14,14,2, 서울특별시 용산구청 보건의료과 ,02-2199-4406
2022-01-26,87,1,5,2,8,6,3,4,5,10,9,2,5,5,12,7,3, 서울특별시 용산구청 보건의료과 ,02-2199-4406
2022-01-27,95,9,4,1,6,6,4,2,2,12,11,4,1,5,17,6,5, 서울특별시 용산구청 보건의료과 ,02-2199-4406
2022-01-28,119,3,2,2,11,9,8,6,2,16,14,3,3,9,18,9,7, 서울특별시 용산구청 보건의료과 ,02-2199-4406
2022-01-29,124,8,7,2,10,8,9,11,13,8,10,4,5,7,7,8,4, 서울특별시 용산구청 보건의료과 ,02-2199-4406
2022-01-30,121,7,3,2,8,18,9,11,4,8,21,3,3,1,16,2,5, 서울특별시 용산구청 보건의료과 ,02-2199-4406
2022-01-31,94,3,2,3,5,4,3,6,5,9,16,2,5,5,11,11,4, 서울특별시 용산구청 보건의료과 ,02-2199-4406
2022-02-01,148,5,6,6,16,5,9,7,5,27,18,2,4,4,18,8,8, 서울특별시 용산구청 보건의료과 ,02-2199-4406
2022-02-02,163,,,,,,,,,,,,,,,,, 서울특별시 용산구청 보건의료과 ,02-2199-4406
2022-02-03,206,,,,,,,,,,,,,,,,, 서울특별시 용산구청 보건의료과 ,02-2199-4406
2022-02-04,194,,,,,,,,,,,,,,,,, 서울특별시 용산구청 보건의료과 ,02-2199-4406
2022-02-05,188,,,,,,,,,,,,,,,,, 서울특별시 용산구청 보건의료과 ,02-2199-4406
2022-02-06,174,,,,,,,,,,,,,,,,, 서울특별시 용산구청 보건의료과 ,02-2199-4406
2022-02-07,153,,,,,,,,,,,,,,,,, 서울특별시 용산구청 보건의료과 ,02-2199-4406
2022-02-08,251,,,,,,,,,,,,,,,,, 서울특별시 용산구청 보건의료과 ,02-2199-4406
2022-02-09,251,,,,,,,,,,,,,,,,, 서울특별시 용산구청 보건의료과 ,02-2199-4406
2022-02-10,241,,,,,,,,,,,,,,,,, 서울특별시 용산구청 보건의료과 ,02-2199-4406
2022-02-11,220,,,,,,,,,,,,,,,,, 서울특별시 용산구청 보건의료과 ,02-2199-4406
2022-02-12,287,,,,,,,,,,,,,,,,, 서울특별시 용산구청 보건의료과 ,02-2199-4406
2022-02-13,237,,,,,,,,,,,,,,,,, 서울특별시 용산구청 보건의료과 ,02-2199-4406
2022-02-14,202,,,,,,,,,,,,,,,,, 서울특별시 용산구청 보건의료과 ,02-2199-4406
2022-02-15,439,,,,,,,,,,,,,,,,, 서울특별시 용산구청 보건의료과 ,02-2199-4406
2022-02-16,424,,,,,,,,,,,,,,,,, 서울특별시 용산구청 보건의료과 ,02-2199-4406
2022-02-17,428,,,,,,,,,,,,,,,,, 서울특별시 용산구청 보건의료과 ,02-2199-4406
2022-02-18,440,,,,,,,,,,,,,,,,, 서울특별시 용산구청 보건의료과 ,02-2199-4406
2022-02-19,431,,,,,,,,,,,,,,,,, 서울특별시 용산구청 보건의료과 ,02-2199-4406
2022-02-20,485,,,,,,,,,,,,,,,,, 서울특별시 용산구청 보건의료과 ,02-2199-4406
2022-02-21,303,,,,,,,,,,,,,,,,, 서울특별시 용산구청 보건의료과 ,02-2199-4406
2022-02-22,764,,,,,,,,,,,,,,,,, 서울특별시 용산구청 보건의료과 ,02-2199-4406
2022-02-23,604,,,,,,,,,,,,,,,,, 서울특별시 용산구청 보건의료과 ,02-2199-4406
2022-02-24,579,,,,,,,,,,,,,,,,, 서울특별시 용산구청 보건의료과 ,02-2199-4406
2022-02-25,641,,,,,,,,,,,,,,,,, 서울특별시 용산구청 보건의료과 ,02-2199-4406
2022-02-26,656,,,,,,,,,,,,,,,,, 서울특별시 용산구청 보건의료과 ,02-2199-4406
2022-02-27,623,,,,,,,,,,,,,,,,, 서울특별시 용산구청 보건의료과 ,02-2199-4406
2022-02-28,561,,,,,,,,,,,,,,,,, 서울특별시 용산구청 보건의료과 ,02-2199-4406
2022-03-01,950,,,,,,,,,,,,,,,,, 서울특별시 용산구청 보건의료과 ,02-2199-4406
2022-03-02,767,,,,,,,,,,,,,,,,, 서울특별시 용산구청 보건의료과 ,02-2199-4406
2022-03-03,1570,,,,,,,,,,,,,,,,, 서울특별시 용산구청 보건의료과 ,02-2199-4406
2022-03-04,1130,,,,,,,,,,,,,,,,, 서울특별시 용산구청 보건의료과 ,02-2199-4406
2022-03-05,1079,,,,,,,,,,,,,,,,, 서울특별시 용산구청 보건의료과 ,02-2199-4406
2022-03-06,805,,,,,,,,,,,,,,,,, 서울특별시 용산구청 보건의료과 ,02-2199-4406
2022-03-07,690,,,,,,,,,,,,,,,,, 서울특별시 용산구청 보건의료과 ,02-2199-4406
2022-03-08,1697,,,,,,,,,,,,,,,,, 서울특별시 용산구청 보건의료과 ,02-2199-4406
2022-03-09,1396,,,,,,,,,,,,,,,,, 서울특별시 용산구청 보건의료과 ,02-2199-4406
2022-03-10,973,,,,,,,,,,,,,,,,, 서울특별시 용산구청 보건의료과 ,02-2199-4406
2022-03-11,1729,,,,,,,,,,,,,,,,, 서울특별시 용산구청 보건의료과 ,02-2199-4406
2022-03-12,1604,,,,,,,,,,,,,,,,, 서울특별시 용산구청 보건의료과 ,02-2199-4406
2022-03-13,1179,,,,,,,,,,,,,,,,, 서울특별시 용산구청 보건의료과 ,02-2199-4406
2022-03-14,1331,,,,,,,,,,,,,,,,, 서울특별시 용산구청 보건의료과 ,02-2199-4406
2022-03-15,2181,,,,,,,,,,,,,,,,, 서울특별시 용산구청 보건의료과 ,02-2199-4406
2022-03-16,2556,,,,,,,,,,,,,,,,, 서울특별시 용산구청 보건의료과 ,02-2199-4406
2022-03-17,2155,,,,,,,,,,,,,,,,, 서울특별시 용산구청 보건의료과 ,02-2199-4406
2022-03-18,1830,,,,,,,,,,,,,,,,, 서울특별시 용산구청 보건의료과 ,02-2199-4406
2022-03-19,1352,,,,,,,,,,,,,,,,, 서울특별시 용산구청 보건의료과 ,02-2199-4406
2022-03-20,623,,,,,,,,,,,,,,,,, 서울특별시 용산구청 보건의료과 ,02-2199-4406
2022-03-21,1990,,,,,,,,,,,,,,,,, 서울특별시 용산구청 보건의료과 ,02-2199-4406
2022-03-22,1799,,,,,,,,,,,,,,,,, 서울특별시 용산구청 보건의료과 ,02-2199-4406
2022-03-23,1451,,,,,,,,,,,,,,,,, 서울특별시 용산구청 보건의료과 ,02-2199-4406
2022-03-24,1424,,,,,,,,,,,,,,,,, 서울특별시 용산구청 보건의료과 ,02-2199-4406
2022-03-25,1301,,,,,,,,,,,,,,,,, 서울특별시 용산구청 보건의료과 ,02-2199-4406
2022-03-26,1065,,,,,,,,,,,,,,,,, 서울특별시 용산구청 보건의료과 ,02-2199-4406
2022-03-27,540,,,,,,,,,,,,,,,,, 서울특별시 용산구청 보건의료과 ,02-2199-4406
2022-03-28,1485,,,,,,,,,,,,,,,,, 서울특별시 용산구청 보건의료과 ,02-2199-4406
2022-03-29,1794,,,,,,,,,,,,,,,,, 서울특별시 용산구청 보건의료과 ,02-2199-4406
2022-03-30,1065,,,,,,,,,,,,,,,,, 서울특별시 용산구청 보건의료과 ,02-2199-4406
2022-03-31,999,,,,,,,,,,,,,,,,, 서울특별시 용산구청 보건의료과 ,02-2199-4406
2022-04-01,922,,,,,,,,,,,,,,,,, 서울특별시 용산구청 보건의료과 ,02-2199-4406
2022-04-02,716,,,,,,,,,,,,,,,,, 서울특별시 용산구청 보건의료과 ,02-2199-4406
2022-04-03,348,,,,,,,,,,,,,,,,, 서울특별시 용산구청 보건의료과 ,02-2199-4406
2022-04-04,1212,,,,,,,,,,,,,,,,, 서울특별시 용산구청 보건의료과 ,02-2199-4406
2022-04-05,1140,,,,,,,,,,,,,,,,, 서울특별시 용산구청 보건의료과 ,02-2199-4406
2022-04-06,809,,,,,,,,,,,,,,,,, 서울특별시 용산구청 보건의료과 ,02-2199-4406
2022-04-07,721,,,,,,,,,,,,,,,,, 서울특별시 용산구청 보건의료과 ,02-2199-4406
2022-04-08,700,,,,,,,,,,,,,,,,, 서울특별시 용산구청 보건의료과 ,02-2199-4406
2022-04-09,528,,,,,,,,,,,,,,,,, 서울특별시 용산구청 보건의료과 ,02-2199-4406
2022-04-10,229,,,,,,,,,,,,,,,,, 서울특별시 용산구청 보건의료과 ,02-2199-4406
2022-04-11,852,,,,,,,,,,,,,,,,, 서울특별시 용산구청 보건의료과 ,02-2199-4406
2022-04-12,687,,,,,,,,,,,,,,,,, 서울특별시 용산구청 보건의료과 ,02-2199-4406
2022-04-13,499,,,,,,,,,,,,,,,,, 서울특별시 용산구청 보건의료과 ,02-2199-4406
2022-04-14,433,,,,,,,,,,,,,,,,, 서울특별시 용산구청 보건의료과 ,02-2199-4406
2022-04-15,362,,,,,,,,,,,,,,,,, 서울특별시 용산구청 보건의료과 ,02-2199-4406
2022-04-16,299,,,,,,,,,,,,,,,,, 서울특별시 용산구청 보건의료과 ,02-2199-4406
2022-04-17,127,,,,,,,,,,,,,,,,, 서울특별시 용산구청 보건의료과 ,02-2199-4406
2022-04-18,466,,,,,,,,,,,,,,,,, 서울특별시 용산구청 보건의료과 ,02-2199-4406
2022-04-19,445,,,,,,,,,,,,,,,,, 서울특별시 용산구청 보건의료과 ,02-2199-4406
2022-04-20,332,,,,,,,,,,,,,,,,, 서울특별시 용산구청 보건의료과 ,02-2199-4406
2022-04-21,290,,,,,,,,,,,,,,,,, 서울특별시 용산구청 보건의료과 ,02-2199-4406
2022-04-22,267,,,,,,,,,,,,,,,,, 서울특별시 용산구청 보건의료과 ,02-2199-4406
2022-04-23,223,,,,,,,,,,,,,,,,, 서울특별시 용산구청 보건의료과 ,02-2199-4406
2022-04-24,93,,,,,,,,,,,,,,,,, 서울특별시 용산구청 보건의료과 ,02-2199-4406
2022-04-25,348,,,,,,,,,,,,,,,,, 서울특별시 용산구청 보건의료과 ,02-2199-4406
2022-04-26,240,,,,,,,,,,,,,,,,, 서울특별시 용산구청 보건의료과 ,02-2199-4406
2022-04-27,170,,,,,,,,,,,,,,,,, 서울특별시 용산구청 보건의료과 ,02-2199-4406
2022-04-28,159,,,,,,,,,,,,,,,,, 서울특별시 용산구청 보건의료과 ,02-2199-4406
2022-04-29,125,,,,,,,,,,,,,,,,, 서울특별시 용산구청 보건의료과 ,02-2199-4406
2022-04-30,100,,,,,,,,,,,,,,,,, 서울특별시 용산구청 보건의료과 ,02-2199-4406
2022-05-01,38,,,,,,,,,,,,,,,,, 서울특별시 용산구청 보건의료과 ,02-2199-4406
2022-05-02,177,,,,,,,,,,,,,,,,, 서울특별시 용산구청 보건의료과 ,02-2199-4406
2022-05-03,182,,,,,,,,,,,,,,,,, 서울특별시 용산구청 보건의료과 ,02-2199-4406
2022-05-04,169,,,,,,,,,,,,,,,,, 서울특별시 용산구청 보건의료과 ,02-2199-4406
2022-05-05,59,,,,,,,,,,,,,,,,, 서울특별시 용산구청 보건의료과 ,02-2199-4406
2022-05-06,175,,,,,,,,,,,,,,,,, 서울특별시 용산구청 보건의료과 ,02-2199-4406
2022-05-07,116,,,,,,,,,,,,,,,,, 서울특별시 용산구청 보건의료과 ,02-2199-4406
2022-05-08,43,,,,,,,,,,,,,,,,, 서울특별시 용산구청 보건의료과 ,02-2199-4406
2022-05-09,201,,,,,,,,,,,,,,,,, 서울특별시 용산구청 보건의료과 ,02-2199-4406
2022-05-10,156,,,,,,,,,,,,,,,,, 서울특별시 용산구청 보건의료과 ,02-2199-4406
2022-05-11,155,,,,,,,,,,,,,,,,, 서울특별시 용산구청 보건의료과 ,02-2199-4406
2022-05-12,142,,,,,,,,,,,,,,,,, 서울특별시 용산구청 보건의료과 ,02-2199-4406
2022-05-13,106,,,,,,,,,,,,,,,,, 서울특별시 용산구청 보건의료과 ,02-2199-4406
2022-05-14,89,,,,,,,,,,,,,,,,, 서울특별시 용산구청 보건의료과 ,02-2199-4406
2022-05-15,32,,,,,,,,,,,,,,,,, 서울특별시 용산구청 보건의료과 ,02-2199-4406
2022-05-16,143,,,,,,,,,,,,,,,,, 서울특별시 용산구청 보건의료과 ,02-2199-4406
2022-05-17,120,,,,,,,,,,,,,,,,, 서울특별시 용산구청 보건의료과 ,02-2199-4406
2022-05-18,92,,,,,,,,,,,,,,,,, 서울특별시 용산구청 보건의료과 ,02-2199-4406
2022-05-19,78,,,,,,,,,,,,,,,,, 서울특별시 용산구청 보건의료과 ,02-2199-4406
2022-05-20,81,,,,,,,,,,,,,,,,, 서울특별시 용산구청 보건의료과 ,02-2199-4406
2022-05-21,73,,,,,,,,,,,,,,,,, 서울특별시 용산구청 보건의료과 ,02-2199-4406
2022-05-22,15,,,,,,,,,,,,,,,,, 서울특별시 용산구청 보건의료과 ,02-2199-4406
2022-05-23,120,,,,,,,,,,,,,,,,, 서울특별시 용산구청 보건의료과 ,02-2199-4406
2022-05-24,111,,,,,,,,,,,,,,,,, 서울특별시 용산구청 보건의료과 ,02-2199-4406
2022-05-25,78,,,,,,,,,,,,,,,,, 서울특별시 용산구청 보건의료과 ,02-2199-4406
2022-05-26,67,,,,,,,,,,,,,,,,, 서울특별시 용산구청 보건의료과 ,02-2199-4406
2022-05-27,44,,,,,,,,,,,,,,,,, 서울특별시 용산구청 보건의료과 ,02-2199-4406
2022-05-28,48,,,,,,,,,,,,,,,,, 서울특별시 용산구청 보건의료과 ,02-2199-4406
2022-05-29,19,,,,,,,,,,,,,,,,, 서울특별시 용산구청 보건의료과 ,02-2199-4406
2022-05-30,84,,,,,,,,,,,,,,,,, 서울특별시 용산구청 보건의료과 ,02-2199-4406
2022-05-31,65,,,,,,,,,,,,,,,,, 서울특별시 용산구청 보건의료과 ,02-2199-4406
2022-06-01,32,,,,,,,,,,,,,,,,, 서울특별시 용산구청 보건의료과 ,02-2199-4406
2022-06-02,66,,,,,,,,,,,,,,,,, 서울특별시 용산구청 보건의료과 ,02-2199-4406
2022-06-03,58,,,,,,,,,,,,,,,,, 서울특별시 용산구청 보건의료과 ,02-2199-4406
2022-06-04,37,,,,,,,,,,,,,,,,, 서울특별시 용산구청 보건의료과 ,02-2199-4406
2022-06-05,18,,,,,,,,,,,,,,,,, 서울특별시 용산구청 보건의료과 ,02-2199-4406
2022-06-06,30,,,,,,,,,,,,,,,,, 서울특별시 용산구청 보건의료과 ,02-2199-4406
2022-06-07,62,,,,,,,,,,,,,,,,, 서울특별시 용산구청 보건의료과 ,02-2199-4406
2022-06-08,40,,,,,,,,,,,,,,,,, 서울특별시 용산구청 보건의료과 ,02-2199-4406
2022-06-09,52,,,,,,,,,,,,,,,,, 서울특별시 용산구청 보건의료과 ,02-2199-4406
2022-06-10,35,,,,,,,,,,,,,,,,, 서울특별시 용산구청 보건의료과 ,02-2199-4406
2022-06-11,47,,,,,,,,,,,,,,,,, 서울특별시 용산구청 보건의료과 ,02-2199-4406
2022-06-12,15,,,,,,,,,,,,,,,,, 서울특별시 용산구청 보건의료과 ,02-2199-4406
2022-06-13,54,,,,,,,,,,,,,,,,, 서울특별시 용산구청 보건의료과 ,02-2199-4406
2022-06-14,57,,,,,,,,,,,,,,,,, 서울특별시 용산구청 보건의료과 ,02-2199-4406
2022-06-15,33,,,,,,,,,,,,,,,,, 서울특별시 용산구청 보건의료과 ,02-2199-4406
2022-06-16,31,,,,,,,,,,,,,,,,, 서울특별시 용산구청 보건의료과 ,02-2199-4406
2022-06-17,32,,,,,,,,,,,,,,,,, 서울특별시 용산구청 보건의료과 ,02-2199-4406
2022-06-18,33,,,,,,,,,,,,,,,,, 서울특별시 용산구청 보건의료과 ,02-2199-4406
2022-06-19,18,,,,,,,,,,,,,,,,, 서울특별시 용산구청 보건의료과 ,02-2199-4406
2022-06-20,67,,,,,,,,,,,,,,,,, 서울특별시 용산구청 보건의료과 ,02-2199-4406
2022-06-21,55,,,,,,,,,,,,,,,,, 서울특별시 용산구청 보건의료과 ,02-2199-4406
2022-06-22,36,,,,,,,,,,,,,,,,, 서울특별시 용산구청 보건의료과 ,02-2199-4406
2022-06-23,62,,,,,,,,,,,,,,,,, 서울특별시 용산구청 보건의료과 ,02-2199-4406
2022-06-24,27,,,,,,,,,,,,,,,,, 서울특별시 용산구청 보건의료과 ,02-2199-4406
2022-06-25,33,,,,,,,,,,,,,,,,, 서울특별시 용산구청 보건의료과 ,02-2199-4406
2022-06-26,25,,,,,,,,,,,,,,,,, 서울특별시 용산구청 보건의료과 ,02-2199-4406
2022-06-27,90,,,,,,,,,,,,,,,,, 서울특별시 용산구청 보건의료과 ,02-2199-4406
2022-06-28,87,,,,,,,,,,,,,,,,, 서울특별시 용산구청 보건의료과 ,02-2199-4406
2022-06-29,72,,,,,,,,,,,,,,,,, 서울특별시 용산구청 보건의료과 ,02-2199-4406
2022-06-30,84,,,,,,,,,,,,,,,,, 서울특별시 용산구청 보건의료과 ,02-2199-4406
2022-07-01,92,,,,,,,,,,,,,,,,, 서울특별시 용산구청 보건의료과 ,02-2199-4406
2022-07-02,40,,,,,,,,,,,,,,,,, 서울특별시 용산구청 보건의료과 ,02-2199-4406
2022-07-03,61,,,,,,,,,,,,,,,,, 서울특별시 용산구청 보건의료과 ,02-2199-4406
2022-07-04,161,,,,,,,,,,,,,,,,, 서울특별시 용산구청 보건의료과 ,02-2199-4406
2022-07-05,116,,,,,,,,,,,,,,,,, 서울특별시 용산구청 보건의료과 ,02-2199-4406
2022-07-06,119,,,,,,,,,,,,,,,,, 서울특별시 용산구청 보건의료과 ,02-2199-4406
2022-07-07,123,,,,,,,,,,,,,,,,, 서울특별시 용산구청 보건의료과 ,02-2199-4406
2022-07-08,134,,,,,,,,,,,,,,,,, 서울특별시 용산구청 보건의료과 ,02-2199-4406
2022-07-09,115,,,,,,,,,,,,,,,,, 서울특별시 용산구청 보건의료과 ,02-2199-4406
2022-07-10,66,,,,,,,,,,,,,,,,, 서울특별시 용산구청 보건의료과 ,02-2199-4406
2022-07-11,271,,,,,,,,,,,,,,,,, 서울특별시 용산구청 보건의료과 ,02-2199-4406
2022-07-12,255,,,,,,,,,,,,,,,,, 서울특별시 용산구청 보건의료과 ,02-2199-4406
2022-07-13,258,,,,,,,,,,,,,,,,, 서울특별시 용산구청 보건의료과 ,02-2199-4406
2022-07-14,193,,,,,,,,,,,,,,,,, 서울특별시 용산구청 보건의료과 ,02-2199-4406
2022-07-15,232,,,,,,,,,,,,,,,,, 서울특별시 용산구청 보건의료과 ,02-2199-4406
2022-07-16,213,,,,,,,,,,,,,,,,, 서울특별시 용산구청 보건의료과 ,02-2199-4406
2022-07-17,102,,,,,,,,,,,,,,,,, 서울특별시 용산구청 보건의료과 ,02-2199-4406
2022-07-18,473,,,,,,,,,,,,,,,,, 서울특별시 용산구청 보건의료과 ,02-2199-4406
2022-07-19,409,,,,,,,,,,,,,,,,, 서울특별시 용산구청 보건의료과 ,02-2199-4406
2022-07-20,422,,,,,,,,,,,,,,,,, 서울특별시 용산구청 보건의료과 ,02-2199-4406
2022-07-21,357,,,,,,,,,,,,,,,,, 서울특별시 용산구청 보건의료과 ,02-2199-4406
2022-07-22,329,,,,,,,,,,,,,,,,, 서울특별시 용산구청 보건의료과 ,02-2199-4406
2022-07-23,311,,,,,,,,,,,,,,,,, 서울특별시 용산구청 보건의료과 ,02-2199-4406
2022-07-24,134,,,,,,,,,,,,,,,,, 서울특별시 용산구청 보건의료과 ,02-2199-4406
2022-07-25,633,,,,,,,,,,,,,,,,, 서울특별시 용산구청 보건의료과 ,02-2199-4406
2022-07-26,469,,,,,,,,,,,,,,,,, 서울특별시 용산구청 보건의료과 ,02-2199-4406
2022-07-27,408,,,,,,,,,,,,,,,,, 서울특별시 용산구청 보건의료과 ,02-2199-4406
2022-07-28,423,,,,,,,,,,,,,,,,, 서울특별시 용산구청 보건의료과 ,02-2199-4406
2022-07-29,421,,,,,,,,,,,,,,,,, 서울특별시 용산구청 보건의료과 ,02-2199-4406
2022-07-30,300,,,,,,,,,,,,,,,,, 서울특별시 용산구청 보건의료과 ,02-2199-4406
2022-07-31,133,,,,,,,,,,,,,,,,, 서울특별시 용산구청 보건의료과 ,02-2199-4406
2022-08-01,619,,,,,,,,,,,,,,,,, 서울특별시 용산구청 보건의료과 ,02-2199-4406
2022-08-02,496,,,,,,,,,,,,,,,,, 서울특별시 용산구청 보건의료과 ,02-2199-4406
2022-08-03,492,,,,,,,,,,,,,,,,, 서울특별시 용산구청 보건의료과 ,02-2199-4406
2022-08-04,486,,,,,,,,,,,,,,,,, 서울특별시 용산구청 보건의료과 ,02-2199-4406
2022-08-05,405,,,,,,,,,,,,,,,,, 서울특별시 용산구청 보건의료과 ,02-2199-4406
2022-08-06,407,,,,,,,,,,,,,,,,, 서울특별시 용산구청 보건의료과 ,02-2199-4406
2022-08-07,154,,,,,,,,,,,,,,,,, 서울특별시 용산구청 보건의료과 ,02-2199-4406
2022-08-08,746,,,,,,,,,,,,,,,,, 서울특별시 용산구청 보건의료과 ,02-2199-4406
2022-08-09,551,,,,,,,,,,,,,,,,, 서울특별시 용산구청 보건의료과 ,02-2199-4406
2022-08-10,621,,,,,,,,,,,,,,,,, 서울특별시 용산구청 보건의료과 ,02-2199-4406
2022-08-11,559,,,,,,,,,,,,,,,,, 서울특별시 용산구청 보건의료과 ,02-2199-4406
2022-08-12,487,,,,,,,,,,,,,,,,, 서울특별시 용산구청 보건의료과 ,02-2199-4406
2022-08-13,389,,,,,,,,,,,,,,,,, 서울특별시 용산구청 보건의료과 ,02-2199-4406
2022-08-14,201,,,,,,,,,,,,,,,,, 서울특별시 용산구청 보건의료과 ,02-2199-4406
2022-08-15,196,,,,,,,,,,,,,,,,, 서울특별시 용산구청 보건의료과 ,02-2199-4406
2022-08-16,885,,,,,,,,,,,,,,,,, 서울특별시 용산구청 보건의료과 ,02-2199-4406
2022-08-17,625,,,,,,,,,,,,,,,,, 서울특별시 용산구청 보건의료과 ,02-2199-4406
2022-08-18,458,,,,,,,,,,,,,,,,, 서울특별시 용산구청 보건의료과 ,02-2199-4406
2022-08-19,368,,,,,,,,,,,,,,,,, 서울특별시 용산구청 보건의료과 ,02-2199-4406
2022-08-20,324,,,,,,,,,,,,,,,,, 서울특별시 용산구청 보건의료과 ,02-2199-4406
2022-08-21,145,,,,,,,,,,,,,,,,, 서울특별시 용산구청 보건의료과 ,02-2199-4406
2022-08-22,530,,,,,,,,,,,,,,,,, 서울특별시 용산구청 보건의료과 ,02-2199-4406
2022-08-23,401,,,,,,,,,,,,,,,,, 서울특별시 용산구청 보건의료과 ,02-2199-4406
2022-08-24,363,,,,,,,,,,,,,,,,, 서울특별시 용산구청 보건의료과 ,02-2199-4406
2022-08-25,289,,,,,,,,,,,,,,,,, 서울특별시 용산구청 보건의료과 ,02-2199-4406
2022-08-26,324,,,,,,,,,,,,,,,,, 서울특별시 용산구청 보건의료과 ,02-2199-4406
2022-08-27,265,,,,,,,,,,,,,,,,, 서울특별시 용산구청 보건의료과 ,02-2199-4406
2022-08-28,134,,,,,,,,,,,,,,,,, 서울특별시 용산구청 보건의료과 ,02-2199-4406
2022-08-29,450,,,,,,,,,,,,,,,,, 서울특별시 용산구청 보건의료과 ,02-2199-4406
2022-08-30,338,,,,,,,,,,,,,,,,, 서울특별시 용산구청 보건의료과 ,02-2199-4406
2022-08-31,268,,,,,,,,,,,,,,,,, 서울특별시 용산구청 보건의료과 ,02-2199-4406
2022-09-01,300,,,,,,,,,,,,,,,,, 서울특별시 용산구청 보건의료과 ,02-2199-4406
2022-09-02,258,,,,,,,,,,,,,,,,, 서울특별시 용산구청 보건의료과 ,02-2199-4406
2022-09-03,219,,,,,,,,,,,,,,,,, 서울특별시 용산구청 보건의료과 ,02-2199-4406
2022-09-04,91,,,,,,,,,,,,,,,,, 서울특별시 용산구청 보건의료과 ,02-2199-4406
2022-09-05,355,,,,,,,,,,,,,,,,, 서울특별시 용산구청 보건의료과 ,02-2199-4406
2022-09-06,313,,,,,,,,,,,,,,,,, 서울특별시 용산구청 보건의료과 ,02-2199-4406
2022-09-07,299,,,,,,,,,,,,,,,,, 서울특별시 용산구청 보건의료과 ,02-2199-4406
2022-09-08,228,,,,,,,,,,,,,,,,, 서울특별시 용산구청 보건의료과 ,02-2199-4406
2022-09-09,108,,,,,,,,,,,,,,,,, 서울특별시 용산구청 보건의료과 ,02-2199-4406
2022-09-10,81,,,,,,,,,,,,,,,,, 서울특별시 용산구청 보건의료과 ,02-2199-4406
2022-09-11,134,,,,,,,,,,,,,,,,, 서울특별시 용산구청 보건의료과 ,02-2199-4406
2022-09-12,154,,,,,,,,,,,,,,,,, 서울특별시 용산구청 보건의료과 ,02-2199-4406
2022-09-13,349,,,,,,,,,,,,,,,,, 서울특별시 용산구청 보건의료과 ,02-2199-4406
2022-09-14,251,,,,,,,,,,,,,,,,, 서울특별시 용산구청 보건의료과 ,02-2199-4406
2022-09-15,185,,,,,,,,,,,,,,,,, 서울특별시 용산구청 보건의료과 ,02-2199-4406
2022-09-16,154,,,,,,,,,,,,,,,,, 서울특별시 용산구청 보건의료과 ,02-2199-4406
2022-09-17,110,,,,,,,,,,,,,,,,, 서울특별시 용산구청 보건의료과 ,02-2199-4406
2022-09-18,63,,,,,,,,,,,,,,,,, 서울특별시 용산구청 보건의료과 ,02-2199-4406
2022-09-19,187,,,,,,,,,,,,,,,,, 서울특별시 용산구청 보건의료과 ,02-2199-4406
2022-09-20,151,,,,,,,,,,,,,,,,, 서울특별시 용산구청 보건의료과 ,02-2199-4406
2022-09-21,120,,,,,,,,,,,,,,,,, 서울특별시 용산구청 보건의료과 ,02-2199-4406
2022-09-22,115,,,,,,,,,,,,,,,,, 서울특별시 용산구청 보건의료과 ,02-2199-4406
2022-09-23,125,,,,,,,,,,,,,,,,, 서울특별시 용산구청 보건의료과 ,02-2199-4406
2022-09-24,93,,,,,,,,,,,,,,,,, 서울특별시 용산구청 보건의료과 ,02-2199-4406
2022-09-25,60,,,,,,,,,,,,,,,,, 서울특별시 용산구청 보건의료과 ,02-2199-4406
2022-09-26,198,,,,,,,,,,,,,,,,, 서울특별시 용산구청 보건의료과 ,02-2199-4406
2022-09-27,158,,,,,,,,,,,,,,,,, 서울특별시 용산구청 보건의료과 ,02-2199-4406
2022-09-28,141,,,,,,,,,,,,,,,,, 서울특별시 용산구청 보건의료과 ,02-2199-4406
2022-09-29,138,,,,,,,,,,,,,,,,, 서울특별시 용산구청 보건의료과 ,02-2199-4406
2022-09-30,119,,,,,,,,,,,,,,,,, 서울특별시 용산구청 보건의료과 ,02-2199-4406
2022-10-01,102,,,,,,,,,,,,,,,,, 서울특별시 용산구청 보건의료과 ,02-2199-4406
2022-10-02,37,,,,,,,,,,,,,,,,, 서울특별시 용산구청 보건의료과 ,02-2199-4406
2022-10-03,54,,,,,,,,,,,,,,,,, 서울특별시 용산구청 보건의료과 ,02-2199-4406
2022-10-04,184,,,,,,,,,,,,,,,,, 서울특별시 용산구청 보건의료과 ,02-2199-4406
2022-10-05,118,,,,,,,,,,,,,,,,, 서울특별시 용산구청 보건의료과 ,02-2199-4406
2022-10-06,74,,,,,,,,,,,,,,,,, 서울특별시 용산구청 보건의료과 ,02-2199-4406
2022-10-07,79,,,,,,,,,,,,,,,,, 서울특별시 용산구청 보건의료과 ,02-2199-4406
2022-10-08,77,,,,,,,,,,,,,,,,, 서울특별시 용산구청 보건의료과 ,02-2199-4406
2022-10-09,27,,,,,,,,,,,,,,,,, 서울특별시 용산구청 보건의료과 ,02-2199-4406
2022-10-10,57,,,,,,,,,,,,,,,,, 서울특별시 용산구청 보건의료과 ,02-2199-4406
2022-10-11,128,,,,,,,,,,,,,,,,, 서울특별시 용산구청 보건의료과 ,02-2199-4406
2022-10-12,115,,,,,,,,,,,,,,,,, 서울특별시 용산구청 보건의료과 ,02-2199-4406
2022-10-13,117,,,,,,,,,,,,,,,,, 서울특별시 용산구청 보건의료과 ,02-2199-4406
2022-10-14,110,,,,,,,,,,,,,,,,, 서울특별시 용산구청 보건의료과 ,02-2199-4406
2022-10-15,90,,,,,,,,,,,,,,,,, 서울특별시 용산구청 보건의료과 ,02-2199-4406
2022-10-16,32,,,,,,,,,,,,,,,,, 서울특별시 용산구청 보건의료과 ,02-2199-4406
2022-10-17,139,,,,,,,,,,,,,,,,, 서울특별시 용산구청 보건의료과 ,02-2199-4406
2022-10-18,125,,,,,,,,,,,,,,,,, 서울특별시 용산구청 보건의료과 ,02-2199-4406
2022-10-19,122,,,,,,,,,,,,,,,,, 서울특별시 용산구청 보건의료과 ,02-2199-4406
2022-10-20,106,,,,,,,,,,,,,,,,, 서울특별시 용산구청 보건의료과 ,02-2199-4406
2022-10-21,106,,,,,,,,,,,,,,,,, 서울특별시 용산구청 보건의료과 ,02-2199-4406
2022-10-22,106,,,,,,,,,,,,,,,,, 서울특별시 용산구청 보건의료과 ,02-2199-4406
2022-10-23,45,,,,,,,,,,,,,,,,, 서울특별시 용산구청 보건의료과 ,02-2199-4406
2022-10-24,182,,,,,,,,,,,,,,,,, 서울특별시 용산구청 보건의료과 ,02-2199-4406
2022-10-25,165,,,,,,,,,,,,,,,,, 서울특별시 용산구청 보건의료과 ,02-2199-4406
2022-10-26,119,,,,,,,,,,,,,,,,, 서울특별시 용산구청 보건의료과 ,02-2199-4406
2022-10-27,158,,,,,,,,,,,,,,,,, 서울특별시 용산구청 보건의료과 ,02-2199-4406
2022-10-28,143,,,,,,,,,,,,,,,,, 서울특별시 용산구청 보건의료과 ,02-2199-4406
2022-10-29,136,,,,,,,,,,,,,,,,, 서울특별시 용산구청 보건의료과 ,02-2199-4406
2022-10-30,55,,,,,,,,,,,,,,,,, 서울특별시 용산구청 보건의료과 ,02-2199-4406
2022-10-31,237,,,,,,,,,,,,,,,,, 서울특별시 용산구청 보건의료과 ,02-2199-4406
2022-11-01,223,,,,,,,,,,,,,,,,, 서울특별시 용산구청 보건의료과 ,02-2199-4406
2022-11-02,202,,,,,,,,,,,,,,,,, 서울특별시 용산구청 보건의료과 ,02-2199-4406
2022-11-03,184,,,,,,,,,,,,,,,,, 서울특별시 용산구청 보건의료과 ,02-2199-4406
2022-11-04,163,,,,,,,,,,,,,,,,, 서울특별시 용산구청 보건의료과 ,02-2199-4406
2022-11-05,145,,,,,,,,,,,,,,,,, 서울특별시 용산구청 보건의료과 ,02-2199-4406
2022-11-06,74,,,,,,,,,,,,,,,,, 서울특별시 용산구청 보건의료과 ,02-2199-4406
2022-11-07,278,,,,,,,,,,,,,,,,, 서울특별시 용산구청 보건의료과 ,02-2199-4406
2022-11-08,250,,,,,,,,,,,,,,,,, 서울특별시 용산구청 보건의료과 ,02-2199-4406
2022-11-09,240,,,,,,,,,,,,,,,,, 서울특별시 용산구청 보건의료과 ,02-2199-4406
2022-11-10,197,,,,,,,,,,,,,,,,, 서울특별시 용산구청 보건의료과 ,02-2199-4406
2022-11-11,224,,,,,,,,,,,,,,,,, 서울특별시 용산구청 보건의료과 ,02-2199-4406
2022-11-12,183,,,,,,,,,,,,,,,,, 서울특별시 용산구청 보건의료과 ,02-2199-4406
2022-11-13,54,,,,,,,,,,,,,,,,, 서울특별시 용산구청 보건의료과 ,02-2199-4406
2022-11-14,279,,,,,,,,,,,,,,,,, 서울특별시 용산구청 보건의료과 ,02-2199-4406
2022-11-15,248,,,,,,,,,,,,,,,,, 서울특별시 용산구청 보건의료과 ,02-2199-4406
2022-11-16,217,,,,,,,,,,,,,,,,, 서울특별시 용산구청 보건의료과 ,02-2199-4406
2022-11-17,198,,,,,,,,,,,,,,,,, 서울특별시 용산구청 보건의료과 ,02-2199-4406
2022-11-18,221,,,,,,,,,,,,,,,,, 서울특별시 용산구청 보건의료과 ,02-2199-4406
2022-11-19,173,,,,,,,,,,,,,,,,, 서울특별시 용산구청 보건의료과 ,02-2199-4406
2022-11-20,84,,,,,,,,,,,,,,,,, 서울특별시 용산구청 보건의료과 ,02-2199-4406
2022-11-21,335,,,,,,,,,,,,,,,,, 서울특별시 용산구청 보건의료과 ,02-2199-4406
2022-11-22,303,,,,,,,,,,,,,,,,, 서울특별시 용산구청 보건의료과 ,02-2199-4406
2022-11-23,235,,,,,,,,,,,,,,,,, 서울특별시 용산구청 보건의료과 ,02-2199-4406
2022-11-24,225,,,,,,,,,,,,,,,,, 서울특별시 용산구청 보건의료과 ,02-2199-4406
2022-11-25,218,,,,,,,,,,,,,,,,, 서울특별시 용산구청 보건의료과 ,02-2199-4406
2022-11-26,218,,,,,,,,,,,,,,,,, 서울특별시 용산구청 보건의료과 ,02-2199-4406
2022-11-27,97,,,,,,,,,,,,,,,,, 서울특별시 용산구청 보건의료과 ,02-2199-4406
2022-11-28,350,,,,,,,,,,,,,,,,, 서울특별시 용산구청 보건의료과 ,02-2199-4406
2022-11-29,257,,,,,,,,,,,,,,,,, 서울특별시 용산구청 보건의료과 ,02-2199-4406
2022-11-30,250,,,,,,,,,,,,,,,,, 서울특별시 용산구청 보건의료과 ,02-2199-4406
2022-12-01,243,,,,,,,,,,,,,,,,, 서울특별시 용산구청 보건의료과 ,02-2199-4406
2022-12-02,220,,,,,,,,,,,,,,,,, 서울특별시 용산구청 보건의료과 ,02-2199-4406
2022-12-03,164,,,,,,,,,,,,,,,,, 서울특별시 용산구청 보건의료과 ,02-2199-4406
2022-12-04,85,,,,,,,,,,,,,,,,, 서울특별시 용산구청 보건의료과 ,02-2199-4406
2022-12-05,325,,,,,,,,,,,,,,,,, 서울특별시 용산구청 보건의료과 ,02-2199-4406
2022-12-06,281,,,,,,,,,,,,,,,,, 서울특별시 용산구청 보건의료과 ,02-2199-4406
2022-12-07,254,,,,,,,,,,,,,,,,, 서울특별시 용산구청 보건의료과 ,02-2199-4406
2022-12-08,248,,,,,,,,,,,,,,,,, 서울특별시 용산구청 보건의료과 ,02-2199-4406
2022-12-09,221,,,,,,,,,,,,,,,,, 서울특별시 용산구청 보건의료과 ,02-2199-4406
2022-12-10,188,,,,,,,,,,,,,,,,, 서울특별시 용산구청 보건의료과 ,02-2199-4406
2022-12-11,72,,,,,,,,,,,,,,,,, 서울특별시 용산구청 보건의료과 ,02-2199-4406
2022-12-12,417,,,,,,,,,,,,,,,,, 서울특별시 용산구청 보건의료과 ,02-2199-4406
2022-12-13,304,,,,,,,,,,,,,,,,, 서울특별시 용산구청 보건의료과 ,02-2199-4406
2022-12-14,230,,,,,,,,,,,,,,,,, 서울특별시 용산구청 보건의료과 ,02-2199-4406
2022-12-15,273,,,,,,,,,,,,,,,,, 서울특별시 용산구청 보건의료과 ,02-2199-4406
2022-12-16,237,,,,,,,,,,,,,,,,, 서울특별시 용산구청 보건의료과 ,02-2199-4406
2022-12-17,233,,,,,,,,,,,,,,,,, 서울특별시 용산구청 보건의료과 ,02-2199-4406
2022-12-18,93,,,,,,,,,,,,,,,,, 서울특별시 용산구청 보건의료과 ,02-2199-4406
2022-12-19,368,,,,,,,,,,,,,,,,, 서울특별시 용산구청 보건의료과 ,02-2199-4406
2022-12-20,338,,,,,,,,,,,,,,,,, 서울특별시 용산구청 보건의료과 ,02-2199-4406
2022-12-21,295,,,,,,,,,,,,,,,,, 서울특별시 용산구청 보건의료과 ,02-2199-4406
2022-12-22,251,,,,,,,,,,,,,,,,, 서울특별시 용산구청 보건의료과 ,02-2199-4406
2022-12-23,217,,,,,,,,,,,,,,,,, 서울특별시 용산구청 보건의료과 ,02-2199-4406
2022-12-24,191,,,,,,,,,,,,,,,,, 서울특별시 용산구청 보건의료과 ,02-2199-4406
2022-12-25,70,,,,,,,,,,,,,,,,, 서울특별시 용산구청 보건의료과 ,02-2199-4406
2022-12-26,375,,,,,,,,,,,,,,,,, 서울특별시 용산구청 보건의료과 ,02-2199-4406
2022-12-27,294,,,,,,,,,,,,,,,,, 서울특별시 용산구청 보건의료과 ,02-2199-4406
2022-12-28,254,,,,,,,,,,,,,,,,, 서울특별시 용산구청 보건의료과 ,02-2199-4406
2022-12-29,242,,,,,,,,,,,,,,,,, 서울특별시 용산구청 보건의료과 ,02-2199-4406
2022-12-30,215,,,,,,,,,,,,,,,,, 서울특별시 용산구청 보건의료과 ,02-2199-4406
2022-12-31,193,,,,,,,,,,,,,,,,, 서울특별시 용산구청 보건의료과 ,02-2199-4406
2023-01-01,69,,,,,,,,,,,,,,,,, 서울특별시 용산구청 보건의료과 ,02-2199-4406
2023-01-02,344,,,,,,,,,,,,,,,,, 서울특별시 용산구청 보건의료과 ,02-2199-4406
2023-01-03,311,,,,,,,,,,,,,,,,, 서울특별시 용산구청 보건의료과 ,02-2199-4406
2023-01-04,225,,,,,,,,,,,,,,,,, 서울특별시 용산구청 보건의료과 ,02-2199-4406
2023-01-05,213,,,,,,,,,,,,,,,,, 서울특별시 용산구청 보건의료과 ,02-2199-4406
2023-01-06,213,,,,,,,,,,,,,,,,, 서울특별시 용산구청 보건의료과 ,02-2199-4406
2023-01-07,151,,,,,,,,,,,,,,,,, 서울특별시 용산구청 보건의료과 ,02-2199-4406
2023-01-08,71,,,,,,,,,,,,,,,,, 서울특별시 용산구청 보건의료과 ,02-2199-4406
2023-01-09,230,,,,,,,,,,,,,,,,, 서울특별시 용산구청 보건의료과 ,02-2199-4406
2023-01-10,196,,,,,,,,,,,,,,,,, 서울특별시 용산구청 보건의료과 ,02-2199-4406
2023-01-11,167,,,,,,,,,,,,,,,,, 서울특별시 용산구청 보건의료과 ,02-2199-4406
2023-01-12,149,,,,,,,,,,,,,,,,, 서울특별시 용산구청 보건의료과 ,02-2199-4406
2023-01-13,147,,,,,,,,,,,,,,,,, 서울특별시 용산구청 보건의료과 ,02-2199-4406
2023-01-14,120,,,,,,,,,,,,,,,,, 서울특별시 용산구청 보건의료과 ,02-2199-4406
2023-01-15,34,,,,,,,,,,,,,,,,, 서울특별시 용산구청 보건의료과 ,02-2199-4406
2023-01-16,208,,,,,,,,,,,,,,,,, 서울특별시 용산구청 보건의료과 ,02-2199-4406
2023-01-17,106,,,,,,,,,,,,,,,,, 서울특별시 용산구청 보건의료과 ,02-2199-4406
2023-01-18,113,,,,,,,,,,,,,,,,, 서울특별시 용산구청 보건의료과 ,02-2199-4406
2023-01-19,92,,,,,,,,,,,,,,,,, 서울특별시 용산구청 보건의료과 ,02-2199-4406
2023-01-20,85,,,,,,,,,,,,,,,,, 서울특별시 용산구청 보건의료과 ,02-2199-4406
2023-01-21,42,,,,,,,,,,,,,,,,, 서울특별시 용산구청 보건의료과 ,02-2199-4406
2023-01-22,42,,,,,,,,,,,,,,,,, 서울특별시 용산구청 보건의료과 ,02-2199-4406
2023-01-23,38,,,,,,,,,,,,,,,,, 서울특별시 용산구청 보건의료과 ,02-2199-4406
2023-01-24,44,,,,,,,,,,,,,,,,, 서울특별시 용산구청 보건의료과 ,02-2199-4406
2023-01-25,121,,,,,,,,,,,,,,,,, 서울특별시 용산구청 보건의료과 ,02-2199-4406
2023-01-26,74,,,,,,,,,,,,,,,,, 서울특별시 용산구청 보건의료과 ,02-2199-4406
2023-01-27,79,,,,,,,,,,,,,,,,, 서울특별시 용산구청 보건의료과 ,02-2199-4406
2023-01-28,42,,,,,,,,,,,,,,,,, 서울특별시 용산구청 보건의료과 ,02-2199-4406
2023-01-29,13,,,,,,,,,,,,,,,,, 서울특별시 용산구청 보건의료과 ,02-2199-4406
2023-01-30,73,,,,,,,,,,,,,,,,, 서울특별시 용산구청 보건의료과 ,02-2199-4406
2023-01-31,61,,,,,,,,,,,,,,,,, 서울특별시 용산구청 보건의료과 ,02-2199-4406
2023-02-01,54,,,,,,,,,,,,,,,,, 서울특별시 용산구청 보건의료과 ,02-2199-4406
2023-02-02,40,,,,,,,,,,,,,,,,, 서울특별시 용산구청 보건의료과 ,02-2199-4406
2023-02-03,46,,,,,,,,,,,,,,,,, 서울특별시 용산구청 보건의료과 ,02-2199-4406
2023-02-04,29,,,,,,,,,,,,,,,,, 서울특별시 용산구청 보건의료과 ,02-2199-4406
2023-02-05,19,,,,,,,,,,,,,,,,, 서울특별시 용산구청 보건의료과 ,02-2199-4406
2023-02-06,77,,,,,,,,,,,,,,,,, 서울특별시 용산구청 보건의료과 ,02-2199-4406
2023-02-07,69,,,,,,,,,,,,,,,,, 서울특별시 용산구청 보건의료과 ,02-2199-4406
2023-02-08,37,,,,,,,,,,,,,,,,, 서울특별시 용산구청 보건의료과 ,02-2199-4406
2023-02-09,38,,,,,,,,,,,,,,,,, 서울특별시 용산구청 보건의료과 ,02-2199-4406
2023-02-10,53,,,,,,,,,,,,,,,,, 서울특별시 용산구청 보건의료과 ,02-2199-4406
2023-02-11,31,,,,,,,,,,,,,,,,, 서울특별시 용산구청 보건의료과 ,02-2199-4406
2023-02-12,6,,,,,,,,,,,,,,,,, 서울특별시 용산구청 보건의료과 ,02-2199-4406
2023-02-13,63,,,,,,,,,,,,,,,,, 서울특별시 용산구청 보건의료과 ,02-2199-4406
2023-02-14,45,,,,,,,,,,,,,,,,, 서울특별시 용산구청 보건의료과 ,02-2199-4406
2023-02-15,31,,,,,,,,,,,,,,,,, 서울특별시 용산구청 보건의료과 ,02-2199-4406
2023-02-16,46,,,,,,,,,,,,,,,,, 서울특별시 용산구청 보건의료과 ,02-2199-4406
2023-02-17,26,,,,,,,,,,,,,,,,, 서울특별시 용산구청 보건의료과 ,02-2199-4406
2023-02-18,36,,,,,,,,,,,,,,,,, 서울특별시 용산구청 보건의료과 ,02-2199-4406
2023-02-19,6,,,,,,,,,,,,,,,,, 서울특별시 용산구청 보건의료과 ,02-2199-4406
2023-02-20,62,,,,,,,,,,,,,,,,, 서울특별시 용산구청 보건의료과 ,02-2199-4406
2023-02-21,44,,,,,,,,,,,,,,,,, 서울특별시 용산구청 보건의료과 ,02-2199-4406
2023-02-22,40,,,,,,,,,,,,,,,,, 서울특별시 용산구청 보건의료과 ,02-2199-4406
2023-02-23,34,,,,,,,,,,,,,,,,, 서울특별시 용산구청 보건의료과 ,02-2199-4406
2023-02-24,43,,,,,,,,,,,,,,,,, 서울특별시 용산구청 보건의료과 ,02-2199-4406
2023-02-25,35,,,,,,,,,,,,,,,,, 서울특별시 용산구청 보건의료과 ,02-2199-4406
2023-02-26,12,,,,,,,,,,,,,,,,, 서울특별시 용산구청 보건의료과 ,02-2199-4406
2023-02-27,60,,,,,,,,,,,,,,,,, 서울특별시 용산구청 보건의료과 ,02-2199-4406
2023-02-28,53,,,,,,,,,,,,,,,,, 서울특별시 용산구청 보건의료과 ,02-2199-4406
2023-03-01,21,,,,,,,,,,,,,,,,, 서울특별시 용산구청 보건의료과 ,02-2199-4406
2023-03-02,68,,,,,,,,,,,,,,,,, 서울특별시 용산구청 보건의료과 ,02-2199-4406
2023-03-03,58,,,,,,,,,,,,,,,,, 서울특별시 용산구청 보건의료과 ,02-2199-4406
2023-03-04,32,,,,,,,,,,,,,,,,, 서울특별시 용산구청 보건의료과 ,02-2199-4406
2023-03-05,8,,,,,,,,,,,,,,,,, 서울특별시 용산구청 보건의료과 ,02-2199-4406
2023-03-06,66,,,,,,,,,,,,,,,,, 서울특별시 용산구청 보건의료과 ,02-2199-4406
2023-03-07,49,,,,,,,,,,,,,,,,, 서울특별시 용산구청 보건의료과 ,02-2199-4406
2023-03-08,51,,,,,,,,,,,,,,,,, 서울특별시 용산구청 보건의료과 ,02-2199-4406
2023-03-09,44,,,,,,,,,,,,,,,,, 서울특별시 용산구청 보건의료과 ,02-2199-4406
2023-03-10,36,,,,,,,,,,,,,,,,, 서울특별시 용산구청 보건의료과 ,02-2199-4406
2023-03-11,45,,,,,,,,,,,,,,,,, 서울특별시 용산구청 보건의료과 ,02-2199-4406
2023-03-12,12,,,,,,,,,,,,,,,,, 서울특별시 용산구청 보건의료과 ,02-2199-4406
2023-03-13,62,,,,,,,,,,,,,,,,, 서울특별시 용산구청 보건의료과 ,02-2199-4406
2023-03-14,40,,,,,,,,,,,,,,,,, 서울특별시 용산구청 보건의료과 ,02-2199-4406
2023-03-15,46,,,,,,,,,,,,,,,,, 서울특별시 용산구청 보건의료과 ,02-2199-4406
2023-03-16,53,,,,,,,,,,,,,,,,, 서울특별시 용산구청 보건의료과 ,02-2199-4406
2023-03-17,35,,,,,,,,,,,,,,,,, 서울특별시 용산구청 보건의료과 ,02-2199-4406
2023-03-18,44,,,,,,,,,,,,,,,,, 서울특별시 용산구청 보건의료과 ,02-2199-4406
2023-03-19,15,,,,,,,,,,,,,,,,, 서울특별시 용산구청 보건의료과 ,02-2199-4406
2023-03-20,74,,,,,,,,,,,,,,,,, 서울특별시 용산구청 보건의료과 ,02-2199-4406
2023-03-21,50,,,,,,,,,,,,,,,,, 서울특별시 용산구청 보건의료과 ,02-2199-4406
2023-03-22,58,,,,,,,,,,,,,,,,, 서울특별시 용산구청 보건의료과 ,02-2199-4406
2023-03-23,56,,,,,,,,,,,,,,,,, 서울특별시 용산구청 보건의료과 ,02-2199-4406
2023-03-24,31,,,,,,,,,,,,,,,,, 서울특별시 용산구청 보건의료과 ,02-2199-4406
2023-03-25,45,,,,,,,,,,,,,,,,, 서울특별시 용산구청 보건의료과 ,02-2199-4406
2023-03-26,16,,,,,,,,,,,,,,,,, 서울특별시 용산구청 보건의료과 ,02-2199-4406
2023-03-27,92,,,,,,,,,,,,,,,,, 서울특별시 용산구청 보건의료과 ,02-2199-4406
2023-03-28,56,,,,,,,,,,,,,,,,, 서울특별시 용산구청 보건의료과 ,02-2199-4406
2023-03-29,55,,,,,,,,,,,,,,,,, 서울특별시 용산구청 보건의료과 ,02-2199-4406
2023-03-30,55,,,,,,,,,,,,,,,,, 서울특별시 용산구청 보건의료과 ,02-2199-4406
2023-03-31,55,,,,,,,,,,,,,,,,, 서울특별시 용산구청 보건의료과 ,02-2199-4406
2023-04-01,63,,,,,,,,,,,,,,,,, 서울특별시 용산구청 보건의료과 ,02-2199-4406
2023-04-02,16,,,,,,,,,,,,,,,,, 서울특별시 용산구청 보건의료과 ,02-2199-4406
2023-04-03,91,,,,,,,,,,,,,,,,, 서울특별시 용산구청 보건의료과 ,02-2199-4406
2023-04-04,81,,,,,,,,,,,,,,,,, 서울특별시 용산구청 보건의료과 ,02-2199-4406
2023-04-05,74,,,,,,,,,,,,,,,,, 서울특별시 용산구청 보건의료과 ,02-2199-4406
2023-04-06,56,,,,,,,,,,,,,,,,, 서울특별시 용산구청 보건의료과 ,02-2199-4406
2023-04-07,52,,,,,,,,,,,,,,,,, 서울특별시 용산구청 보건의료과 ,02-2199-4406
2023-04-08,55,,,,,,,,,,,,,,,,, 서울특별시 용산구청 보건의료과 ,02-2199-4406
2023-04-09,15,,,,,,,,,,,,,,,,, 서울특별시 용산구청 보건의료과 ,02-2199-4406
2023-04-10,73,,,,,,,,,,,,,,,,, 서울특별시 용산구청 보건의료과 ,02-2199-4406
2023-04-11,70,,,,,,,,,,,,,,,,, 서울특별시 용산구청 보건의료과 ,02-2199-4406
2023-04-12,61,,,,,,,,,,,,,,,,, 서울특별시 용산구청 보건의료과 ,02-2199-4406
2023-04-13,65,,,,,,,,,,,,,,,,, 서울특별시 용산구청 보건의료과 ,02-2199-4406
2023-04-14,59,,,,,,,,,,,,,,,,, 서울특별시 용산구청 보건의료과 ,02-2199-4406
2023-04-15,32,,,,,,,,,,,,,,,,, 서울특별시 용산구청 보건의료과 ,02-2199-4406
2023-04-16,21,,,,,,,,,,,,,,,,, 서울특별시 용산구청 보건의료과 ,02-2199-4406
2023-04-17,93,,,,,,,,,,,,,,,,, 서울특별시 용산구청 보건의료과 ,02-2199-4406
2023-04-18,92,,,,,,,,,,,,,,,,, 서울특별시 용산구청 보건의료과 ,02-2199-4406
2023-04-19,75,,,,,,,,,,,,,,,,, 서울특별시 용산구청 보건의료과 ,02-2199-4406
2023-04-20,86,,,,,,,,,,,,,,,,, 서울특별시 용산구청 보건의료과 ,02-2199-4406
2023-04-21,66,,,,,,,,,,,,,,,,, 서울특별시 용산구청 보건의료과 ,02-2199-4406
2023-04-22,45,,,,,,,,,,,,,,,,, 서울특별시 용산구청 보건의료과 ,02-2199-4406
2023-04-23,20,,,,,,,,,,,,,,,,, 서울특별시 용산구청 보건의료과 ,02-2199-4406
2023-04-24,105,,,,,,,,,,,,,,,,, 서울특별시 용산구청 보건의료과 ,02-2199-4406
2023-04-25,88,,,,,,,,,,,,,,,,, 서울특별시 용산구청 보건의료과 ,02-2199-4406
2023-04-26,72,,,,,,,,,,,,,,,,, 서울특별시 용산구청 보건의료과 ,02-2199-4406
2023-04-27,77,,,,,,,,,,,,,,,,, 서울특별시 용산구청 보건의료과 ,02-2199-4406
2023-04-28,76,,,,,,,,,,,,,,,,, 서울특별시 용산구청 보건의료과 ,02-2199-4406
2023-04-29,65,,,,,,,,,,,,,,,,, 서울특별시 용산구청 보건의료과 ,02-2199-4406
2023-04-30,15,,,,,,,,,,,,,,,,, 서울특별시 용산구청 보건의료과 ,02-2199-4406
2023-05-01,83,,,,,,,,,,,,,,,,, 서울특별시 용산구청 보건의료과 ,02-2199-4406
2023-05-02,101,,,,,,,,,,,,,,,,, 서울특별시 용산구청 보건의료과 ,02-2199-4406
2023-05-03,118,,,,,,,,,,,,,,,,, 서울특별시 용산구청 보건의료과 ,02-2199-4406
2023-05-04,90,,,,,,,,,,,,,,,,, 서울특별시 용산구청 보건의료과 ,02-2199-4406
2023-05-05,68,,,,,,,,,,,,,,,,, 서울특별시 용산구청 보건의료과 ,02-2199-4406
2023-05-06,99,,,,,,,,,,,,,,,,, 서울특별시 용산구청 보건의료과 ,02-2199-4406
2023-05-07,30,,,,,,,,,,,,,,,,, 서울특별시 용산구청 보건의료과 ,02-2199-4406
2023-05-08,162,,,,,,,,,,,,,,,,, 서울특별시 용산구청 보건의료과 ,02-2199-4406
2023-05-09,118,,,,,,,,,,,,,,,,, 서울특별시 용산구청 보건의료과 ,02-2199-4406
2023-05-10,97,,,,,,,,,,,,,,,,, 서울특별시 용산구청 보건의료과 ,02-2199-4406
2023-05-11,119,,,,,,,,,,,,,,,,, 서울특별시 용산구청 보건의료과 ,02-2199-4406
2023-05-12,93,,,,,,,,,,,,,,,,, 서울특별시 용산구청 보건의료과 ,02-2199-4406
2023-05-13,73,,,,,,,,,,,,,,,,, 서울특별시 용산구청 보건의료과 ,02-2199-4406
2023-05-14,20,,,,,,,,,,,,,,,,, 서울특별시 용산구청 보건의료과 ,02-2199-4406
2023-05-15,128,,,,,,,,,,,,,,,,, 서울특별시 용산구청 보건의료과 ,02-2199-4406
2023-05-16,109,,,,,,,,,,,,,,,,, 서울특별시 용산구청 보건의료과 ,02-2199-4406
2023-05-17,101,,,,,,,,,,,,,,,,, 서울특별시 용산구청 보건의료과 ,02-2199-4406
2023-05-18,79,,,,,,,,,,,,,,,,, 서울특별시 용산구청 보건의료과 ,02-2199-4406
2023-05-19,78,,,,,,,,,,,,,,,,, 서울특별시 용산구청 보건의료과 ,02-2199-4406
2023-05-20,69,,,,,,,,,,,,,,,,, 서울특별시 용산구청 보건의료과 ,02-2199-4406
2023-05-21,17,,,,,,,,,,,,,,,,, 서울특별시 용산구청 보건의료과 ,02-2199-4406
2023-05-22,125,,,,,,,,,,,,,,,,, 서울특별시 용산구청 보건의료과 ,02-2199-4406
2023-05-23,91,,,,,,,,,,,,,,,,, 서울특별시 용산구청 보건의료과 ,02-2199-4406
2023-05-24,97,,,,,,,,,,,,,,,,, 서울특별시 용산구청 보건의료과 ,02-2199-4406
2023-05-25,86,,,,,,,,,,,,,,,,, 서울특별시 용산구청 보건의료과 ,02-2199-4406
2023-05-26,90,,,,,,,,,,,,,,,,, 서울특별시 용산구청 보건의료과 ,02-2199-4406
2023-05-27,47,,,,,,,,,,,,,,,,, 서울특별시 용산구청 보건의료과 ,02-2199-4406
2023-05-28,19,,,,,,,,,,,,,,,,, 서울특별시 용산구청 보건의료과 ,02-2199-4406
2023-05-29,62,,,,,,,,,,,,,,,,, 서울특별시 용산구청 보건의료과 ,02-2199-4406
2023-05-30,123,,,,,,,,,,,,,,,,, 서울특별시 용산구청 보건의료과 ,02-2199-4406
2023-05-31,116,,,,,,,,,,,,,,,,, 서울특별시 용산구청 보건의료과 ,02-2199-4406
2023-06-01,89,,,,,,,,,,,,,,,,, 서울특별시 용산구청 보건의료과 ,02-2199-4406
2023-06-02,96,,,,,,,,,,,,,,,,, 서울특별시 용산구청 보건의료과 ,02-2199-4406
2023-06-03,74,,,,,,,,,,,,,,,,, 서울특별시 용산구청 보건의료과 ,02-2199-4406
2023-06-04,22,,,,,,,,,,,,,,,,, 서울특별시 용산구청 보건의료과 ,02-2199-4406
2023-06-05,121,,,,,,,,,,,,,,,,, 서울특별시 용산구청 보건의료과 ,02-2199-4406
2023-06-06,51,,,,,,,,,,,,,,,,, 서울특별시 용산구청 보건의료과 ,02-2199-4406
2023-06-07,125,,,,,,,,,,,,,,,,, 서울특별시 용산구청 보건의료과 ,02-2199-4406
2023-06-08,110,,,,,,,,,,,,,,,,, 서울특별시 용산구청 보건의료과 ,02-2199-4406
2023-06-09,76,,,,,,,,,,,,,,,,, 서울특별시 용산구청 보건의료과 ,02-2199-4406
2023-06-10,51,,,,,,,,,,,,,,,,, 서울특별시 용산구청 보건의료과 ,02-2199-4406
2023-06-11,12,,,,,,,,,,,,,,,,, 서울특별시 용산구청 보건의료과 ,02-2199-4406
2023-06-12,117,,,,,,,,,,,,,,,,, 서울특별시 용산구청 보건의료과 ,02-2199-4406
2023-06-13,91,,,,,,,,,,,,,,,,, 서울특별시 용산구청 보건의료과 ,02-2199-4406
2023-06-14,81,,,,,,,,,,,,,,,,, 서울특별시 용산구청 보건의료과 ,02-2199-4406
2023-06-15,85,,,,,,,,,,,,,,,,, 서울특별시 용산구청 보건의료과 ,02-2199-4406
2023-06-16,75,,,,,,,,,,,,,,,,, 서울특별시 용산구청 보건의료과 ,02-2199-4406
2023-06-17,79,,,,,,,,,,,,,,,,, 서울특별시 용산구청 보건의료과 ,02-2199-4406
2023-06-18,13,,,,,,,,,,,,,,,,, 서울특별시 용산구청 보건의료과 ,02-2199-4406
2023-06-19,132,,,,,,,,,,,,,,,,, 서울특별시 용산구청 보건의료과 ,02-2199-4406
2023-06-20,77,,,,,,,,,,,,,,,,, 서울특별시 용산구청 보건의료과 ,02-2199-4406
2023-06-21,81,,,,,,,,,,,,,,,,, 서울특별시 용산구청 보건의료과 ,02-2199-4406
2023-06-22,69,,,,,,,,,,,,,,,,, 서울특별시 용산구청 보건의료과 ,02-2199-4406
2023-06-23,75,,,,,,,,,,,,,,,,, 서울특별시 용산구청 보건의료과 ,02-2199-4406
2023-06-24,71,,,,,,,,,,,,,,,,, 서울특별시 용산구청 보건의료과 ,02-2199-4406
2023-06-25,12,,,,,,,,,,,,,,,,, 서울특별시 용산구청 보건의료과 ,02-2199-4406
2023-06-26,120,,,,,,,,,,,,,,,,, 서울특별시 용산구청 보건의료과 ,02-2199-4406
2023-06-27,82,,,,,,,,,,,,,,,,, 서울특별시 용산구청 보건의료과 ,02-2199-4406
2023-06-28,80,,,,,,,,,,,,,,,,, 서울특별시 용산구청 보건의료과 ,02-2199-4406
2023-06-29,78,,,,,,,,,,,,,,,,, 서울특별시 용산구청 보건의료과 ,02-2199-4406
2023-06-30,85,,,,,,,,,,,,,,,,, 서울특별시 용산구청 보건의료과 ,02-2199-4406
2023-07-01,62,,,,,,,,,,,,,,,,, 서울특별시 용산구청 보건의료과 ,02-2199-4406
2023-07-02,26,,,,,,,,,,,,,,,,, 서울특별시 용산구청 보건의료과 ,02-2199-4406
2023-07-03,132,,,,,,,,,,,,,,,,, 서울특별시 용산구청 보건의료과 ,02-2199-4406
2023-07-04,114,,,,,,,,,,,,,,,,, 서울특별시 용산구청 보건의료과 ,02-2199-4406
2023-07-05,114,,,,,,,,,,,,,,,,, 서울특별시 용산구청 보건의료과 ,02-2199-4406
2023-07-06,103,,,,,,,,,,,,,,,,, 서울특별시 용산구청 보건의료과 ,02-2199-4406
2023-07-07,109,,,,,,,,,,,,,,,,, 서울특별시 용산구청 보건의료과 ,02-2199-4406
2023-07-08,91,,,,,,,,,,,,,,,,, 서울특별시 용산구청 보건의료과 ,02-2199-4406
2023-07-09,29,,,,,,,,,,,,,,,,, 서울특별시 용산구청 보건의료과 ,02-2199-4406
2023-07-10,159,,,,,,,,,,,,,,,,, 서울특별시 용산구청 보건의료과 ,02-2199-4406
2023-07-11,124,,,,,,,,,,,,,,,,, 서울특별시 용산구청 보건의료과 ,02-2199-4406
2023-07-12,103,,,,,,,,,,,,,,,,, 서울특별시 용산구청 보건의료과 ,02-2199-4406
2023-07-13,111,,,,,,,,,,,,,,,,, 서울특별시 용산구청 보건의료과 ,02-2199-4406
2023-07-14,108,,,,,,,,,,,,,,,,, 서울특별시 용산구청 보건의료과 ,02-2199-4406
2023-07-15,109,,,,,,,,,,,,,,,,, 서울특별시 용산구청 보건의료과 ,02-2199-4406
2023-07-16,35,,,,,,,,,,,,,,,,, 서울특별시 용산구청 보건의료과 ,02-2199-4406
2023-07-17,180,,,,,,,,,,,,,,,,, 서울특별시 용산구청 보건의료과 ,02-2199-4406
2023-07-18,176,,,,,,,,,,,,,,,,, 서울특별시 용산구청 보건의료과 ,02-2199-4406
2023-07-19,158,,,,,,,,,,,,,,,,, 서울특별시 용산구청 보건의료과 ,02-2199-4406
2023-07-20,167,,,,,,,,,,,,,,,,, 서울특별시 용산구청 보건의료과 ,02-2199-4406
2023-07-21,163,,,,,,,,,,,,,,,,, 서울특별시 용산구청 보건의료과 ,02-2199-4406
2023-07-22,136,,,,,,,,,,,,,,,,, 서울특별시 용산구청 보건의료과 ,02-2199-4406
2023-07-23,36,,,,,,,,,,,,,,,,, 서울특별시 용산구청 보건의료과 ,02-2199-4406
2023-07-24,254,,,,,,,,,,,,,,,,, 서울특별시 용산구청 보건의료과 ,02-2199-4406
2023-07-25,202,,,,,,,,,,,,,,,,, 서울특별시 용산구청 보건의료과 ,02-2199-4406
2023-07-26,175,,,,,,,,,,,,,,,,, 서울특별시 용산구청 보건의료과 ,02-2199-4406
2023-07-27,180,,,,,,,,,,,,,,,,, 서울특별시 용산구청 보건의료과 ,02-2199-4406
2023-07-28,183,,,,,,,,,,,,,,,,, 서울특별시 용산구청 보건의료과 ,02-2199-4406
2023-07-29,134,,,,,,,,,,,,,,,,, 서울특별시 용산구청 보건의료과 ,02-2199-4406
2023-07-30,56,,,,,,,,,,,,,,,,, 서울특별시 용산구청 보건의료과 ,02-2199-4406
2023-07-31,258,,,,,,,,,,,,,,,,, 서울특별시 용산구청 보건의료과 ,02-2199-4406
2023-08-01,228,,,,,,,,,,,,,,,,, 서울특별시 용산구청 보건의료과 ,02-2199-4406
2023-08-02,190,,,,,,,,,,,,,,,,, 서울특별시 용산구청 보건의료과 ,02-2199-4406
2023-08-03,179,,,,,,,,,,,,,,,,, 서울특별시 용산구청 보건의료과 ,02-2199-4406
2023-08-04,171,,,,,,,,,,,,,,,,, 서울특별시 용산구청 보건의료과 ,02-2199-4406
2023-08-05,195,,,,,,,,,,,,,,,,, 서울특별시 용산구청 보건의료과 ,02-2199-4406
2023-08-06,43,,,,,,,,,,,,,,,,, 서울특별시 용산구청 보건의료과 ,02-2199-4406
2023-08-07,286,,,,,,,,,,,,,,,,, 서울특별시 용산구청 보건의료과 ,02-2199-4406
2023-08-08,278,,,,,,,,,,,,,,,,, 서울특별시 용산구청 보건의료과 ,02-2199-4406
2023-08-09,219,,,,,,,,,,,,,,,,, 서울특별시 용산구청 보건의료과 ,02-2199-4406
2023-08-10,218,,,,,,,,,,,,,,,,, 서울특별시 용산구청 보건의료과 ,02-2199-4406
2023-08-11,177,,,,,,,,,,,,,,,,, 서울특별시 용산구청 보건의료과 ,02-2199-4406
2023-08-12,161,,,,,,,,,,,,,,,,, 서울특별시 용산구청 보건의료과 ,02-2199-4406
2023-08-13,52,,,,,,,,,,,,,,,,, 서울특별시 용산구청 보건의료과 ,02-2199-4406
2023-08-14,223,,,,,,,,,,,,,,,,, 서울특별시 용산구청 보건의료과 ,02-2199-4406
2023-08-15,100,,,,,,,,,,,,,,,,, 서울특별시 용산구청 보건의료과 ,02-2199-4406
2023-08-16,213,,,,,,,,,,,,,,,,, 서울특별시 용산구청 보건의료과 ,02-2199-4406
2023-08-17,172,,,,,,,,,,,,,,,,, 서울특별시 용산구청 보건의료과 ,02-2199-4406
2023-08-18,160,,,,,,,,,,,,,,,,, 서울특별시 용산구청 보건의료과 ,02-2199-4406
2023-08-19,146,,,,,,,,,,,,,,,,, 서울특별시 용산구청 보건의료과 ,02-2199-4406
2023-08-20,34,,,,,,,,,,,,,,,,, 서울특별시 용산구청 보건의료과 ,02-2199-4406
2023-08-21,237,,,,,,,,,,,,,,,,, 서울특별시 용산구청 보건의료과 ,02-2199-4406
2023-08-22,159,,,,,,,,,,,,,,,,, 서울특별시 용산구청 보건의료과 ,02-2199-4406
2023-08-23,156,,,,,,,,,,,,,,,,, 서울특별시 용산구청 보건의료과 ,02-2199-4406
2023-08-24,138,,,,,,,,,,,,,,,,, 서울특별시 용산구청 보건의료과 ,02-2199-4406
2023-08-25,130,,,,,,,,,,,,,,,,, 서울특별시 용산구청 보건의료과 ,02-2199-4406
2023-08-26,119,,,,,,,,,,,,,,,,, 서울특별시 용산구청 보건의료과 ,02-2199-4406
2023-08-27,35,,,,,,,,,,,,,,,,, 서울특별시 용산구청 보건의료과 ,02-2199-4406
2023-08-28,195,,,,,,,,,,,,,,,,, 서울특별시 용산구청 보건의료과 ,02-2199-4406
2023-08-29,140,,,,,,,,,,,,,,,,, 서울특별시 용산구청 보건의료과 ,02-2199-4406
2023-08-30,115,,,,,,,,,,,,,,,,, 서울특별시 용산구청 보건의료과 ,02-2199-4406
